Record ID,Company name,Type,POS System,Parent Company,Associated Company,Company Domain Name,Category,Location City,Borough,Company owner,Create Date,Onboarding & Account Manager,Postal Code,Priority,Last Contacted,Segment,Neighborhood,Lifecycle Stage,Reservation System,Number of Associated Deals,Number of Associated Contacts,Associated Company IDs,Address
22009141262,Upside Pizza Nolita,Live Partner,,20791001010.0,Upside Pizza,upsidepizza.com,BB2,New York,,Maddie Weber,2024-07-22 10:14,,11222,,,,,Partner,,1.0,0.0,20791001010,"51 Spring St, New York, NY 10012, USA"
21691603554,Parcelle Wine West Village,Live Partner,Square,20790912293.0,Parcelle Wine Bar Group,parcellewine.com,BB1,New York,,Colin Camac,2024-07-01 13:52,Rachel Shapiro,10012,P0,,Multi Unit (1-5),,Partner,Resy,1.0,0.0,20790912293,"72 MacDougal St, New York, NY 10012, USA"
21687418204,Bodega - Mt. Pleasant,Live Partner,,22142269857.0,Bodega Group,eatdrinkbodega.com,BB1,Charleston,,Rachel Shapiro,2024-07-01 11:04,,29403,P1,,,,Partner,,1.0,0.0,22142269857,"New York, NY, USA"
21613076660,Five Acres,Live Partner,,22141786413.0,Rockefeller Center Group,5acresnyc.com,BB1,New York,,Maddie Weber,2024-06-26 11:48,,10112,,,,,Partner,,1.0,0.0,22141786413,"Rockefeller Plaza, New York, NY 10112, USA"
21489757855,isshiki matcha,Live Partner,Toast,,,isshikimatcha.com,,New York,,Aayush Sanghrajka,2024-06-18 10:35,,,,2024-08-05 21:06,,,Partner,,1.0,1.0,,"138 2nd Ave Inside Moko, New York, NY 10003, USA"
21361146496,Bodega - Downtown,Live Partner,,22142269857.0,Bodega Group,eatdrinkbodega.com,BB1,Charleston,,Rachel Shapiro,2024-06-10 16:23,,29403,P0,2024-08-06 10:30,,Downtown,Partner,,1.0,2.0,22142269857,"Lower Manhattan, New York, NY, USA"
21356978539,Llama Cafe,Live Partner,Toast,21615077815.0,The Llama Group,llamasannyc.com,BB1,New York,Manhattan,Colin Camac,2024-06-10 12:21,Aayush Sanghrajka,10001,P1,,Multi Unit (1-5),,Partner,,1.0,0.0,21615077815,"72 E 1st St, New York, NY 10003, USA"
21250419764,Laissez Faire,Live Partner,Micros,,,laissezfaire.nyc,BB3 - Bar,New York,,Colin Camac,2024-06-04 15:23,Aayush Sanghrajka,10038,P1,2024-07-12 12:17,Single Unit,Chinatown,Partner,Resy,1.0,2.0,,"10 Theatre Alley, New York, NY 10038, USA"
21249349457,Drift In,Live Partner,Toast,21615026094.0,Crew,crewny.com,BB2,New York,West Village,Colin Camac,2024-06-04 14:44,Colin Camac,10013,,,,,Partner,Resy,1.0,1.0,21615026094,"389 West St, New York, NY 10014, USA"
21249318966,High Tide,Live Partner,Toast,21615026094.0,Crew,crewny.com,BB1,New York,,Maddie Weber,2024-06-04 14:33,,10013,,,,,Partner,Resy,1.0,1.0,21615026094,"Canal Street, NY 10013, USA"
21137792784,The Refuge,Live Partner,Toast,,,refugeiop.com,BB1,Charleston,,Rachel Shapiro,2024-05-30 13:31,,,P1,2024-07-23 15:59,,Charleston,Partner,,1.0,1.0,,"New York, NY, USA"
20929023413,Alidoro The Hugh,Live Partner,Toast,21613534999.0,Alidoro Group,,BB2,New York,,Colin Camac,2024-05-21 12:02,Aayush Sanghrajka,,P0,,,Midtown,Partner,,1.0,0.0,21613534999,"157 E 53rd St, New York, NY 10022, USA"
20929111127,Nami Nori (Montclair NJ),Live Partner,Toast,21615011433.0,Nami Nori Group,,BB1,New York,,Colin Camac,2024-05-21 12:02,,,,,,,Partner,,1.0,0.0,21615011433,"378 Bloomfield Ave, Montclair, NJ 07042, USA"
20929169667,Posto NYC Thin Crust Pizza,Live Partner,Other (please add in account notes),21613725741.0,NYC Thin Crust Pizza,,BB1,New York,,Colin Camac,2024-05-21 12:02,,,,,,Gramercy,Partner,,1.0,0.0,21613725741,"310 2nd Ave, New York, NY 10003, USA"
20929079040,The Daily (Trabert Ave),Live Partner,,21613715712.0,The Daily Group,,BB2,Georgia,,,2024-05-21 12:02,,,,,,Atlanta,Partner,,1.0,0.0,21613715712,"New York, NY, USA"
20929111124,Spunto NYC Thin Crust Pizza,Live Partner,Other (please add in account notes),21613725741.0,NYC Thin Crust Pizza,,BB1,New York,,Colin Camac,2024-05-21 12:02,,,,,,West Village,Partner,,1.0,0.0,21613725741,"65 Carmine St, New York, NY 10014, USA"
20927655705,Mah Ze Dahr Brookfield Place,Live Partner,Toast,21613577495.0,Mah Ze Dahr Group,,BB2,New York,,Colin Camac,2024-05-21 12:02,,,P1,,,Financial District,Partner,,1.0,0.0,21613577495,"225 Liberty St, New York, NY 10281, USA"
20929141282,Vezzo NYC Thin Crust Pizza,Live Partner,Other (please add in account notes),21613725741.0,NYC Thin Crust Pizza,,BB1,New York,,Colin Camac,2024-05-21 12:02,,,,,,Midtown,Partner,,1.0,0.0,21613725741,"178 Lexington Ave, New York, NY 10016, USA"
20929127599,Gruppo NYC Thin Crust Pizza,Live Partner,Other (please add in account notes),21613725741.0,NYC Thin Crust Pizza,,BB1,New York,,Colin Camac,2024-05-21 12:02,,,,,,East Village,Partner,,1.0,0.0,21613725741,"98 Avenue B, New York, NY 10009, USA"
20929055620,St. Tropez West Village,Live Partner,Other (please add in account notes),21613786033.0,St Tropez Group,,BB1,New York,,Colin Camac,2024-05-21 12:02,,,,2024-08-06 14:24,,West Village,Partner,,1.0,1.0,21613786033,"304 West 4th Street, New York, NY 10014, USA"
20927659357,Davey’s Ice Cream (Midtown),Live Partner,Square,21615107753.0,Davey's Ice Cream Group,,BB2,New York,,Colin Camac,2024-05-21 12:02,,,P1,,,Midtown,Partner,,1.0,0.0,21615107753,"Concourse Level, 350 W 33rd St, New York, NY 10001, USA"
20927655703,Mah Ze Dahr Midtown,Live Partner,Toast,21613577495.0,Mah Ze Dahr Group,,BB2,New York,,Colin Camac,2024-05-21 12:02,,,P1,,,Midtown,Partner,,1.0,0.0,21613577495,"601 Lexington Ave, New York, NY 10022, USA"
20928961700,Softside / Soupside,Live Partner,Toast,22141786281.0,Upside Pizza Group,,BB2,New York,,Colin Camac,2024-05-21 12:02,,,,,,,Partner,,1.0,0.0,22141786281,"51 Spring St, New York, NY 10012, USA"
20929078969,Local 42,Live Partner,Toast,,,,BB3 - Bar,New York,,Colin Camac,2024-05-21 12:02,,,P2,,,Hells Kitchen,Partner,,1.0,0.0,,"574 9th Ave, New York, NY 10036, USA"
20929095216,Sweet Rose Creamery - Brentwood Country Mart,Live Partner,Square,21614999450.0,Sweet Rose Creamery Group,,BB2,Los Angeles,,,2024-05-21 12:02,,,,,,Santa Monica,Partner,,1.0,0.0,21614999450,"New York, NY, USA"
20929075760,Ban Rai,Live Partner,Square,21615057493.0,Ban Rai / Decibel Group,rairaiken2000.com,BB1,New York,,Colin Camac,2024-05-21 12:02,,,P2,,,East Village,Partner,Resy,1.0,0.0,21615057493,"218E E 10th St, New York, NY 10003, USA"
20928988549,The Daily (Charleston - King St),Live Partner,Other (please add in account notes),21613715712.0,The Daily Group,,BB2,Charleston,,,2024-05-21 12:02,,,,,,,Partner,,1.0,0.0,21613715712,"Charleston, SC, USA"
20928981329,Crave Fishbar Midtown,Live Partner,Toast,21615051180.0,Crave Group,,BB1,New York,,Colin Camac,2024-05-21 12:02,,,P1,,,Midtown,Partner,OpenTable,1.0,0.0,21615051180,"945 2nd Ave, New York, NY 10022, USA"
20929188930,Jajaja Williamsburg,Live Partner,Other (please add in account notes),21613652736.0,Jajaja,,BB1,New York,,Colin Camac,2024-05-21 12:02,,,,,,Williamsburg,Partner,Resy,1.0,0.0,21613652736,"119 Kent Ave, Brooklyn, NY 11249, USA"
20854598165,UnregularPizzaUES,Live Partner,Square,21612720494.0,Unregular Hospitality Group,unregularpizza.com,BB2,New York,Manhattan,Colin Camac,2024-05-16 21:09,,10075,P1,,Multi Unit (1-5),UWS,Partner,,1.0,1.0,21612720494,"New York, NY 10075, USA"
20790892473,The Daily (Buckhead),Live Partner,,21613715712.0,The Daily Group,,BB2,Georgia,,,2024-05-13 18:14,,,,,,Atlanta,Partner,,1.0,0.0,21613715712,"New York, NY, USA"
20791027084,Nom Wah at Market 57,Live Partner,Toast,21613610801.0,Nom Wah Group,,BB2,New York,,Colin Camac,2024-05-13 18:14,,,,,,Chelsea,Partner,,1.0,0.0,21613610801,"25 11th Ave Kiosk 11, New York, NY 10011, USA"
20789755957,Nami Nori (West Village),Live Partner,,21615011433.0,Nami Nori Group,,,New York,,Colin Camac,2024-05-13 18:14,,,,,,,Partner,,1.0,0.0,21615011433,"33 Carmine St, New York, NY 10014, USA"
20929034125,Sra Martinez,Live Partner,Toast,,,,BB1,Florida,,,2024-05-13 18:14,,,,,,,Partner,Resy,1.0,0.0,,"New York, NY, USA"
20790904442,Greywind,Live Partner,Toast,21612720495.0,Greywind / Spygold,greywindnyc.com,BB1,New York,,Colin Camac,2024-05-13 18:14,Rachel Shapiro,10018,P0,,,Hudson Yards,Partner,Resy,1.0,0.0,21612720495,"451 10th Ave, New York, NY 10018, USA"
20790854982,The Press (CHS),Live Partner,,22146205534.0,The Tippling House / The Press Group,,BB2,Charleston,,Rachel Shapiro,2024-05-13 18:14,Rachel Shapiro,,,,,Charleston,Partner,,1.0,0.0,22146205534,"New York, NY, USA"
20790854983,Holywater,Live Partner,Toast,21615026094.0,Crew,crewny.com,BB2,New York,,Colin Camac,2024-05-13 18:14,,10013,,,,Tribeca,Partner,Resy,1.0,1.0,21615026094,"112 Reade St, New York, NY 10013, USA"
20789661730,Alidoro Dekalb Market,Live Partner,,21613534999.0,Alidoro Group,,,New York,,Colin Camac,2024-05-13 18:14,,,,,,,Partner,,1.0,0.0,21613534999,"445 Albee Square W, Brooklyn, NY 11201, USA"
20790925174,Jajaja LES,Live Partner,Other (please add in account notes),21613652736.0,Jajaja,,BB1,New York,,Colin Camac,2024-05-13 18:14,,,,,,LES,Partner,Resy,1.0,0.0,21613652736,"162 E Broadway, New York, NY 10002, USA"
20790854979,Bobwhite Counter (Union Square),Live Partner,,21613814445.0,Bobwhite Counter Group,,,New York,,Colin Camac,2024-05-13 18:14,Aayush Sanghrajka,,,,,,Partner,,1.0,0.0,21613814445,"124 E 14th St, New York, NY 10003, USA"
20791001013,Bobwhite Counter (Jersey City),Live Partner,,21613814445.0,Bobwhite Counter Group,,,New York,,Colin Camac,2024-05-13 18:14,Aayush Sanghrajka,,,,,,Partner,,1.0,0.0,21613814445,"150 Warren St, Jersey City, NJ 07302, USA"
20791022515,Unregular Pizza Midtown,Live Partner,Square,21612720494.0,Unregular Hospitality Group,,BB2,New York,,Colin Camac,2024-05-13 18:14,,,,,,Midtown,Partner,,1.0,0.0,21612720494,"14 E 37th St, New York, NY 10016, USA"
20790780019,Brado NYC Thin Crust Pizza,Live Partner,,21613725741.0,NYC Thin Crust Pizza,,,New York,,Colin Camac,2024-05-13 18:14,,,,,,,Partner,,1.0,0.0,21613725741,"155 Atlantic Ave, Brooklyn, NY 11201, USA"
20791040325,Alidoro LIC,Live Partner,,21613534999.0,Alidoro Group,,,New York,,Colin Camac,2024-05-13 18:14,Aayush Sanghrajka,,,,,,Partner,,1.0,0.0,21613534999,"2817 Jackson Ave, Long Island City, NY 11101, USA"
20791001009,Unregular Pizza Union Square,Live Partner,Square,21612720494.0,Unregular Hospitality Group,,BB2,New York,,Colin Camac,2024-05-13 18:14,,,,,,Greenwich Village,Partner,,1.0,0.0,21612720494,"135 4th Ave, New York, NY 10003, USA"
20791057750,Empellon Taqueria West Village,Live Partner,,21613701441.0,Empellon Group,,,New York,,Colin Camac,2024-05-13 18:14,,,,,,,Partner,,1.0,0.0,21613701441,"230 West 4th Street, New York, NY 10014, USA"
20789661723,Rosemary’s Stuytown,Live Partner,,20656250514.0,Casa Nela,,,New York,,Colin Camac,2024-05-13 18:14,,,,,,,Partner,,1.0,0.0,20656250514,"350 1st Ave., New York, NY 10010, USA"
20790873516,Davey’s Ice Cream (Greenpoint),Live Partner,,21615107753.0,Davey's Ice Cream Group,,,New York,,Colin Camac,2024-05-13 18:14,,,,,,,Partner,,1.0,0.0,21615107753,"74 Meserole Ave, Brooklyn, NY 11222, USA"
20789806915,Benjamin Steakhouse,Live Partner,,21613786032.0,Benjamin Restaurant Group,,,New York,,Colin Camac,2024-05-13 18:14,Aayush Sanghrajka,,,,,,Partner,,1.0,0.0,21613786032,"Inside The Dylan Hotel, 52 E 41st St, New York, NY 10017, USA"
20791040321,Alidoro Moynihan Train Hall,Live Partner,Toast,21613534999.0,Alidoro Group,,BB2,New York,,Colin Camac,2024-05-13 18:14,Aayush Sanghrajka,,P0,,,,Partner,,1.0,0.0,21613534999,"Moynihan Train Hall at Penn Station, 350 W 33rd St, New York, NY 10001, USA"
20789666675,Alidoro Rock Center,Live Partner,Toast,21613534999.0,Alidoro Group,,BB2,New York,,Colin Camac,2024-05-13 18:14,Aayush Sanghrajka,,P0,,,Midtown,Partner,,1.0,0.0,21613534999,"1 Rockefeller Plaza Concourse level, New York, NY 10020, USA"
20791002938,Wizard Hat Pizza,Live Partner,Square,,,,"BB1, BB2",New York,,Colin Camac,2024-05-13 18:14,,,P2,,,Prospect Lefferts Gardens,Partner,Tock,1.0,0.0,,"539 Rogers Ave, Brooklyn, NY 11225, USA"
20789728284,Millers All Day - James Island,Live Partner,,21615018061.0,Millers All Day Group,millersallday.com,BB1,Charleston,,Rachel Shapiro,2024-05-13 18:14,,29401,P0,,,James Island - Charleston,Partner,,1.0,0.0,21615018061,"New York, NY, USA"
20789825602,Jajaja Hudson Yards,Live Partner,,21613652736.0,Jajaja,,,New York,,Colin Camac,2024-05-13 18:14,,,,,,,Partner,,1.0,0.0,21613652736,"450 W 33rd St, New York, NY 10001, USA"
20791048029,Bobwhite Counter (Long Island City),Live Partner,,21613814445.0,Bobwhite Counter Group,,,New York,,Colin Camac,2024-05-13 18:14,Aayush Sanghrajka,,,,,,Partner,,1.0,0.0,21613814445,"28-17 Jackson Ave, Queens, NY 11101, USA"
20752079897,Jupiter,Live Partner,Toast,22141786413.0,Rockefeller Center Group,jupiterrestaurant.nyc,BB1,New York,Midtown,Maddie Weber,2024-05-10 18:08,,10020,,2024-08-06 12:27,,,Partner,,1.0,3.0,22141786413,"Rink Level, 20 W 50th St, New York, NY 10020, USA"
20704513177,Poppy's Brooklyn Heights,Live Partner,Toast,21613719627.0,Poppy's Group,poppysbrooklyn.com,BB2,New York,Brooklyn,Colin Camac,2024-05-08 16:35,Aayush Sanghrajka,11201,P0,,Multi Unit (1-5),,Partner,,1.0,1.0,21613719627,"48 Henry St, Brooklyn, NY 11201, USA"
20681401359,Crave Sushi Bar,Live Partner,Toast,21615051180.0,Crave Group,cravesushibar.com,BB1,New York,Midtown East,Colin Camac,2024-05-07 15:21,,10022,P1,,Single Unit,,Partner,OpenTable,1.0,0.0,21615051180,"947 2nd Ave, New York, NY 10022, USA"
20665462819,Poppy's Cobble Hill,Live Partner,Toast,21613719627.0,Poppy's Group,poppysbrooklyn.com,,New York,,Colin Camac,2024-05-06 21:36,,11231,,2024-07-25 12:54,Multi Unit (1-5),,Partner,,1.0,4.0,21613719627,"243 Degraw St, Brooklyn, NY 11231, USA"
20659215264,Colectivo,Live Partner,,,,colectivocharleston.com,BB1,Charleston,,Rachel Shapiro,2024-05-06 14:43,,,P0,2024-07-30 12:37,,Charleston,Partner,,1.0,2.0,,"New York, NY, USA"
20657726828,Moody Tongue Sushi,Live Partner,Toast,,,,BB1,New York,West Village,Colin Camac,2024-05-06 14:00,,,P0,,,,Partner,Resy,1.0,0.0,,"150 W 10th St, New York, NY 10014, USA"
20658914443,Temple Bar,Live Partner,Toast,,,templebar.co,BB3 - Bar,New York,Noho,Colin Camac,2024-05-06 14:00,,10012,P0,2024-08-03 13:01,Single Unit,Noho,Partner,Resy,1.0,1.0,,"332 Lafayette St, New York, NY 10012, USA"
20658884774,Stars Rooftop & Grill Room,Live Partner,,22146204689.0,Rudy Royale / Stars / Satellite Group,starsrestaurant.com,BB1,Charleston,Charleston,Rachel Shapiro,2024-05-06 14:00,,29403,,,,,Partner,,1.0,0.0,22146204689,"New York, NY, USA"
20658986149,Fridges,Live Partner,Square,,,,BB2,New York,Midtown,Colin Camac,2024-05-06 14:00,Aayush Sanghrajka,,P2,,,,Partner,,1.0,0.0,,"New York, NY, USA"
20611119248,Asador Bastian,Live Partner,Toast,22142502069.0,Andros Taverna / Asador Bastian Group,asadorbastian.com,BB1,Chicago,Chicago,Colin Camac,2024-05-03 03:27,Rachel Shapiro,,,,,Chicago,Partner,,1.0,1.0,22142502069,"New York, NY, USA"
20611090235,Fairfax,Live Partner,,21112773993.0,Happy Cooking Hospitality,fairfax.nyc,BB1,New York,,Colin Camac,2024-05-03 03:27,Rachel Shapiro,10014,,2024-07-17 20:06,,,Partner,,1.0,2.0,21112773993,"234 West 4th Street, New York, NY 10014, USA"
20610387732,Little Jack's Tavern,Live Partner,Toast,21613764683.0,Brooks Reitz group,littlejackstavern.com,BB1,Charleston,Charleston,Rachel Shapiro,2024-05-03 03:27,Rachel Shapiro,29403,,,,Charleston,Partner,,1.0,0.0,21613764683,"New York, NY, USA"
20611145632,Banzarbar,Live Partner,Salido,22027521116.0,Banzarbar / Freemans Group,banzarbar.com,BB3 - Bar,New York,,Colin Camac,2024-05-03 03:27,Aayush Sanghrajka,10002,P1,,,,Partner,,1.0,0.0,22027521116,"2 Freeman Alley, New York, NY 10002, USA"
20610251680,Sullivan’s Fish Camp,Live Partner,Other (please add in account notes),20657915250.0,Basic Projects,sullivansfishcamp.com,BB1,Charleston,Charleston,Rachel Shapiro,2024-05-03 03:27,,29482,P0,,,Charleston,Partner,Resy,1.0,2.0,20657915250,"New York, NY, USA"
20610261828,Semma,Live Partner,,21613565959.0,Unapologetic Foods,semma.nyc,BB1,New York,"LES, West Village",Colin Camac,2024-05-03 03:27,Aayush Sanghrajka,10011,P0,2024-07-16 14:00,,"LES, West Village",Partner,,2.0,2.0,21613565959,"60 Greenwich Ave, New York, NY 10011, USA"
20611238555,The Tippling House (CHS),Live Partner,,22146205534.0,The Tippling House / The Press Group,thetipplinghousechs.com,BB1,Charleston,Charleston,Rachel Shapiro,2024-05-03 03:27,Rachel Shapiro,29403,,2024-08-01 09:58,,Charleston,Partner,,1.0,2.0,22146205534,"New York, NY, USA"
20611061131,GTK,Live Partner,Toast,21613590154.0,GTK Group,hellogtk.com,BB2,New York,,Colin Camac,2024-05-03 03:27,Aayush Sanghrajka,7302,P2,,,,Partner,,1.0,1.0,21613590154,"New York, NY, USA"
20611026447,Glendora Public Market,Live Partner,Toast,20790931501.0,LIMONÉ MEDITERRANEAN,glendorapublicmarket.com,"BB2, BB4",Los Angeles,,Colin Camac,2024-05-03 03:27,Aayush Sanghrajka,91740,P1,,,,Partner,,1.0,1.0,20790931501,"New York, NY, USA"
20611081643,Ambra,Live Partner,Toast,20791081528.0,Ambra,ambranyc.com,BB1,New York,West Village,Colin Camac,2024-05-03 03:27,Aayush Sanghrajka,,,2024-06-10 18:26,,West Village,Partner,,1.0,1.0,20791081528,"New York, NY, USA"
20611305330,Ernesto’s,Live Partner,Other (please add in account notes),20789825614.0,Ernesto’s,ernestosnyc.com,BB1,New York,LES,Colin Camac,2024-05-03 03:27,Rachel Shapiro,10002,,2024-08-01 12:08,,LES,Partner,Resy,1.0,3.0,20789825614,"259 E Broadway, New York, NY 10002, USA"
20610429697,Andros Taverna,Live Partner,Toast,22142502069.0,Andros Taverna / Asador Bastian Group,androstaverna.com,BB1,Chicago,Chicago,Colin Camac,2024-05-03 03:27,Rachel Shapiro,60647,,,,Chicago,Partner,,1.0,1.0,22142502069,"New York, NY, USA"
20610382634,Joey Roses,Live Partner,Square,,,joeyroses.com,BB2,New York,LES,Colin Camac,2024-05-03 03:27,Aayush Sanghrajka,,P2,,,LES,Partner,OpenTable,1.0,0.0,,"174 Rivington St, New York, NY 10002, USA"
20610398803,Razza,Live Partner,Toast,20791027070.0,Razza,razzanj.com,BB1,New York,Jersey City,Colin Camac,2024-05-03 03:27,Rachel Shapiro,7302,,2024-08-02 20:55,,Jersey City,Partner,Resy,1.0,5.0,20791027070,"275/277 Grove St, Jersey City, NJ 07302, USA"
20611212290,Lola Taverna,Live Partner,Toast,21613786034.0,Little Prince / Lola Taverna Group,lolataverna.com,BB1,New York,Soho,Colin Camac,2024-05-03 03:27,Rachel Shapiro,10014,,2024-06-21 18:27,,Soho,Partner,,1.0,8.0,21613786034,"210 6th Ave, New York, NY 10014, USA"
20611006005,Salad Joon,Live Partner,Square,20790803544.0,Salad Joon,saladjoon.com,BB2,New York,LES,Colin Camac,2024-05-03 03:27,Aayush Sanghrajka,,,,,LES,Partner,Other (see below),1.0,0.0,20790803544,"Essex Market Stall 3, New York, NY 10002, USA"
20610266295,Konro Restaurant,Live Partner,,20791063886.0,Konro Restaurant,konrorestaurant.com,BB1,Florida,West Palm Beach,Colin Camac,2024-05-03 03:27,Rachel Shapiro,33401,,,,West Palm Beach,Partner,Resy,1.0,1.0,20791063886,"New York, NY, USA"
20611176734,Emmett's on Grove,Live Partner,Toast,21615077816.0,Emmett's Group,emmettsongrove.com,BB1,New York,West Village,Colin Camac,2024-05-03 03:27,Rachel Shapiro,10014,,,,West Village,Partner,Resy,1.0,0.0,21615077816,"39 Grove St, New York, NY 10014, USA"
20611006004,Rita’s Deluxe,Live Partner,Clover,20790925166.0,Rita’s Deluxe,ritasdeluxe.com,BB2,Los Angeles,Downtown LA,Colin Camac,2024-05-03 03:27,Aayush Sanghrajka,,,,,Downtown LA,Partner,Other (see below),1.0,0.0,20790925166,"New York, NY, USA"
20610304005,Heaven and Earth,Live Partner,Square,21614970136.0,Three Top Hospitality Group,heavenandearthbrooklyn.com,Store,New York,Greenpoint,Colin Camac,2024-05-03 03:27,Rachel Shapiro,,P2,,,Greenpoint,Partner,Other (see below),1.0,0.0,21614970136,"New York, NY, USA"
20611305329,Farm to People Kitchen & Bar,Live Partner,Toast,20791162196.0,Farm to People Kitchen & Bar,farmtopeople.com,"BB1, Store",New York,Bushwick,Colin Camac,2024-05-03 03:27,Aayush Sanghrajka,,,2024-06-25 18:48,,Bushwick,Partner,Resy,1.0,3.0,20791162196,"1100 Flushing Ave, Brooklyn, NY 11237, USA"
20611135304,Parcelle Wine Bar,Live Partner,Square,20790912293.0,Parcelle Wine Bar Group,parcellewine.com,BB1,New York,Dimes Square,Colin Camac,2024-05-03 03:27,Rachel Shapiro,10002,,2024-07-30 17:39,,Dimes Square,Partner,Resy,1.0,4.0,20790912293,"135 Division St, New York, NY 10002, USA"
20611176732,Llama San,Live Partner,Toast,21615077815.0,The Llama Group,llamasannyc.com,BB1,New York,West Village,Colin Camac,2024-05-03 03:27,Aayush Sanghrajka,10014,,2024-07-12 16:34,,West Village,Partner,Resy,1.0,1.0,21615077815,"359 6th Ave, New York, NY 10014, USA"
20611037466,Panzon,Live Partner,Square,20790944126.0,Panzon,panzonbk.com,BB1,New York,Greenpoint,Colin Camac,2024-05-03 03:27,Rachel Shapiro,11222,,2024-05-08 15:27,,Greenpoint,Partner,Resy,1.0,2.0,20790944126,"23 Greenpoint Ave, Brooklyn, NY 11222, USA"
20611305327,Jaffa Cocktail and Raw Bar,Live Partner,Aloha,20697100379.0,BOKA Restaurant Group,jaffabrooklyn.com,"BB1, BB3 - Bar",New York,Williamsburg,Colin Camac,2024-05-03 03:27,Rachel Shapiro,,P0,,,Williamsburg,Partner,Resy,1.0,1.0,20697100379,"97 Wythe Ave, Brooklyn, NY 11249, USA"
20611086227,White Horse Tavern,Live Partner,Toast,20789661732.0,White Horse Tavern,whitehorsetavern1880.com,BB3 - Bar,New York,West Village,Colin Camac,2024-05-03 03:27,Aayush Sanghrajka,10014,,2024-08-01 18:00,,West Village,Partner,Resy,1.0,3.0,20789661732,"567 Hudson St, New York, NY 10014, USA"
20610975246,Cappone’s Salumeria,Live Partner,Clover,20791022518.0,Cappone’s Salumeria,capponesnyc.com,BB2,New York,West Village,Colin Camac,2024-05-03 03:27,Aayush Sanghrajka,10004,P1,2024-05-28 15:50,,West Village,Partner,Other (see below),1.0,1.0,20791022518,"11 Abingdon Square, New York, NY 10014, USA"
20610273288,Kin Gin,Live Partner,Toast,20790887321.0,Kin Gin,kinginnyc.com,BB1,New York,LES,Colin Camac,2024-05-03 03:27,Rachel Shapiro,,P0,,,LES,Partner,,1.0,0.0,20790887321,"107 Rivington St, New York, NY 10002, USA"
20611145625,Renzo,Live Partner,Toast,,,renzochs.com,BB1,Charleston,Charleston,Rachel Shapiro,2024-05-03 03:27,Rachel Shapiro,29403,P0,2024-06-17 11:21,,Charleston,Partner,Resy,1.0,1.0,,"New York, NY, USA"
20610398801,Nat’s on Bank,Live Partner,Toast,21613628517.0,Nat's Group,natsonbank.com,BB1,New York,West Village,Colin Camac,2024-05-03 03:27,Rachel Shapiro,10014,,2024-07-11 17:26,,West Village,Partner,Resy,1.0,2.0,21613628517,"51 Bank St, New York, NY 10014, USA"
20610319545,Unregular Bakery,Live Partner,Square,21612720494.0,Unregular Hospitality Group,unregularbakery.com,BB2,New York,Greenwich Village,Colin Camac,2024-05-03 03:27,Aayush Sanghrajka,,,2024-08-02 17:21,,Greenwich Village,Partner,Other (see below),1.0,1.0,21612720494,"124 4th Ave, New York, NY 10003, USA"
20610418350,Lucky’s,Live Partner,Toast,22146202923.0,Lucky's Steakhouse Group,luckyssoho.com,BB1,New York,Soho,Colin Camac,2024-05-03 03:27,Rachel Shapiro,,P0,2024-07-16 16:00,,Soho,Partner,Resy,1.0,1.0,22146202923,"New York, NY, USA"
20610352473,Bin Bin Sake,Live Partner,Other (please add in account notes),21613759540.0,Sunday Hospitality Group,binbinsake.com,BB2,New York,Williamsburg,Colin Camac,2024-05-03 03:27,Rachel Shapiro,11222,P1,2024-07-03 07:51,,Williamsburg,Partner,Other (see below),1.0,1.0,21613759540,"29 Norman Ave #100, Brooklyn, NY 11222, USA"
20610313561,Sushi Counter (DC),Live Partner,Square,20789806914.0,Sushi Counter (DC),sushicounternyc.com,BB2,New York,West Village,Colin Camac,2024-05-03 03:27,,,,,,West Village,Partner,,1.0,0.0,20789806914,"New York, NY, USA"
20610319616,The Lost Draft,Live Partner,Square,20791040333.0,The Lost Draft,thelostdraft.com,BB2,New York,Soho,Colin Camac,2024-05-03 03:27,Aayush Sanghrajka,10012,,2024-07-23 21:09,,Soho,Partner,,1.0,2.0,20791040333,"398 Broome St, New York, NY 10013, USA"
20611076494,Insa,Live Partner,Toast,20790848881.0,Insa,insabrooklyn.com,BB1,New York,BK Misc,Colin Camac,2024-05-03 03:27,Rachel Shapiro,11217,,2024-07-23 18:25,,BK Misc,Partner,,1.0,2.0,20790848881,"328 Douglass St, Brooklyn, NY 11217, USA"
20610335378,Anton’s,Live Partner,Toast,20791075734.0,Anton’s,antonsnyc.com,BB1,New York,West Village,Colin Camac,2024-05-03 03:27,Rachel Shapiro,10014,,2024-07-24 16:25,,West Village,Partner,Resy,1.0,9.0,20791075734,"570 Hudson St, New York, NY 10014, USA"
20610292913,Nat’s Mountain House,Live Partner,,21613628517.0,Nat's Group,natsmountainhouse.com,BB1,New York,,Colin Camac,2024-05-03 03:27,Rachel Shapiro,12485,P1,,,,Partner,,1.0,1.0,21613628517,"New York, NY, USA"
20611043328,Leons Oyster Shop,Live Partner,Toast,21613764683.0,Brooks Reitz group,leonsoystershop.com,BB1,Charleston,Charleston,Rachel Shapiro,2024-05-03 03:27,Rachel Shapiro,29403,,2024-07-24 10:29,,Charleston,Partner,,1.0,3.0,21613764683,"New York, NY, USA"
20611086223,Beautiful South,Live Partner,,21615065686.0,Always Awkward Hospitality,beautifulsouthchs.com,BB1,Charleston,,Rachel Shapiro,2024-05-03 03:27,Rachel Shapiro,29403,,2024-06-20 09:42,,,Partner,,1.0,2.0,21615065686,"New York, NY, USA"
20610429624,Melfi’s,Live Partner,Toast,21613764683.0,Brooks Reitz group,eatatmelfis.com,BB1,Charleston,Charleston,Rachel Shapiro,2024-05-03 03:27,Rachel Shapiro,,,,,Charleston,Partner,,1.0,1.0,21613764683,"New York, NY, USA"
20610266292,Sweet Rose Creamery - Main Street,Live Partner,Square,21614999450.0,Sweet Rose Creamery Group,sweetrosecreamery.com,BB2,Los Angeles,Santa Monica,Colin Camac,2024-05-03 03:27,Rachel Shapiro,90402,,2024-08-01 11:57,,Santa Monica,Partner,Other (see below),1.0,1.0,21614999450,"New York, NY, USA"
20610418347,Margot Brooklyn,Live Partner,Toast,21614970136.0,Three Top Hospitality Group,margotbrooklyn.com,BB1,New York,Fort Greene,Colin Camac,2024-05-03 03:27,Rachel Shapiro,11217,P0,2024-07-26 08:26,,Fort Greene,Partner,Resy,1.0,2.0,21614970136,"69 Lafayette Ave, Brooklyn, NY 11217, USA"
20605712311,Post House,Live Partner,,20657915250.0,Basic Projects,theposthouseinn.com,BB1,Charleston,,Rachel Shapiro,2024-05-02 19:30,,29464,P1,2024-08-05 10:40,,,Partner,,1.0,3.0,20657915250,"New York, NY, USA"
20605509994,Beautiful South by Kwei Fei,Live Partner,Toast,21615065686.0,Always Awkward Hospitality,kweifei.com,BB1,Charleston,James Island,Rachel Shapiro,2024-05-02 19:30,Rachel Shapiro,29412,P1,2024-07-23 18:10,,,Partner,,1.0,2.0,21615065686,"New York, NY, USA"
20605635876,Dashi,Live Partner,Toast,,,dashichs.com,BB2,Charleston,Charleston,Rachel Shapiro,2024-05-02 19:30,Rachel Shapiro,29405,P1,2024-06-24 13:33,,,Partner,,1.0,1.0,,"New York, NY, USA"
20605656493,Rancho Lewis,Live Partner,,20790984497.0,Rancho Lewis,rancholewischs.com,BB1,Charleston,Charleston,Rachel Shapiro,2024-05-02 19:30,Rachel Shapiro,29403,P1,2024-07-22 07:26,,Charleston,Partner,,1.0,3.0,20790984497,"New York, NY, USA"
20605656492,Basic Kitchen,Live Partner,,20657915250.0,Basic Projects,basickitchen.com,BB1,Charleston,Charleston,Rachel Shapiro,2024-05-02 19:30,,29401,P1,,,Charleston,Partner,Resy,1.0,2.0,20657915250,"New York, NY, USA"
20605603966,Rudy Royale,Live Partner,Toast,22146204689.0,Rudy Royale / Stars / Satellite Group,rudyroyale.com,BB1,Charleston,French Quarter,Rachel Shapiro,2024-05-02 19:30,,29401,P0,2024-07-31 16:58,,,Partner,,1.0,2.0,22146204689,"New York, NY, USA"
20605615692,Uncork Charleston,Live Partner,Toast,20789672991.0,Uncork Charleston,uncorkchs.com,BB1,Charleston,Charleston,Rachel Shapiro,2024-05-02 19:30,Rachel Shapiro,29403,P1,2024-06-10 12:16,,Charleston,Partner,Resy,1.0,3.0,20789672991,"Charleston, SC, USA"
20605752989,The Daily (Inman Park),Live Partner,,21613814446.0,The Daily Group;The Daily Group,shopthedaily.com,BB2,Charleston,Atlanta,Colin Camac,2024-05-02 19:30,Aayush Sanghrajka,29403,P0,,,Atlanta,Partner,,1.0,1.0,21613715712;21613814446,"New York, NY, USA"
20605584149,Millers All Day - Downtown,Live Partner,Toast,21615018061.0,Millers All Day Group,millersallday.com,BB1,Charleston,Charleston,Rachel Shapiro,2024-05-02 19:30,Rachel Shapiro,29401,P0,2024-08-01 17:43,Multi Unit (1-5),Charleston,Partner,Other (see below),1.0,8.0,21615018061,"Lower Manhattan, New York, NY, USA"
20447908255,Romeo’s,Live Partner,Toast,20790843243.0,Romeo’s,romeosnyc.com,BB3 - Bar,New York,East Village,Colin Camac,2024-04-24 20:45,Aayush Sanghrajka,10009,P2,2024-07-24 19:22,,East Village,Partner,Other (see below),1.0,2.0,20790843243,"118 St Marks Pl, New York, NY 10009, USA"
20447609403,Principe,Live Partner,Toast,20789806910.0,Principe,principe.nyc,BB1,New York,Manhattan,Colin Camac,2024-04-24 19:25,Rachel Shapiro,10012,P0,2024-07-22 10:20,,,Partner,Resy,1.0,3.0,20789806910,"450 W Broadway, New York, NY 10012, USA"
20447241823,Il Buco Alimentari & Vineria,Live Partner,Toast,21613628515.0,il Buco Group,ilbuco.com,BB1,New York,Nolita,Colin Camac,2024-04-24 19:25,Rachel Shapiro,10012,P0,2024-07-24 17:22,,Nolita,Partner,Resy,1.0,4.0,21613628515,"53 Great Jones St, New York, NY 10012, USA"
20447339066,Gjelina NY,Live Partner,Toast,20616028191.0,Gjelina Group,gjelina.com,BB1,New York,Nolita,Colin Camac,2024-04-24 19:25,Aayush Sanghrajka,90291,,2024-07-30 10:00,,Nolita,Partner,,1.0,4.0,20616028191,"New York, NY, USA"
20446731019,Emmett's (MacDougal),Live Partner,Toast,21615077816.0,Emmett's Group,emmettsnyc.com,BB1,New York,Greenwich Village,Colin Camac,2024-04-24 19:25,Rachel Shapiro,10012,P0,2024-07-29 10:44,,Greenwich Village,Partner,,1.0,2.0,21615077816,"50 MacDougal St, New York, NY 10012, USA"
20445889341,Palm Court at The Plaza,Live Partner,Silverware,22145440016.0,The Plaza Hotel Group,theplazany.com,"BB1, BB3 - Bar",New York,Midtown,Colin Camac,2024-04-24 17:25,Rachel Shapiro,10019,,,,Midtown,Partner,OpenTable,1.0,1.0,22145440016,"768 5th Ave, New York, NY 10019, USA"
20445825164,Zillions Pizza,Live Partner,Toast,21613764680.0,SB Hospitality,zillionspizza.com,BB2,New York,Hells Kitchen,Colin Camac,2024-04-24 17:25,Aayush Sanghrajka,,P2,2024-07-03 12:17,,Hells Kitchen,Partner,Other (see below),1.0,2.0,21613764680,"360 W 42nd St, New York, NY 10036, USA"
20446337699,Le Rock,Live Partner,Toast,22141786413.0,Rockefeller Center Group,lerocknyc.com,BB1,New York,Midtown,Colin Camac,2024-04-24 17:25,,10111,P1,2024-08-06 10:32,,Midtown,Partner,Resy,1.0,3.0,22141786413,"45 Rockefeller Plaza, New York, NY 10111, USA"
20445911087,IRIS,Live Partner,Toast,21597948417.0,JF Restaurants,irisrestaurant.nyc,BB1,New York,Midtown,Colin Camac,2024-04-24 17:25,Rachel Shapiro,10019,P1,,,Midtown,Partner,,1.0,1.0,21597948417,"1740 Broadway, New York, NY 10019, USA"
20445378818,Lovely’s Old Fashioned,Live Partner,Toast,21613764680.0,SB Hospitality,lovelysoldfashioned.com,BB2,New York,Hells Kitchen,Colin Camac,2024-04-24 17:02,Aayush Sanghrajka,10036,P2,,,Hells Kitchen,Partner,Other (see below),1.0,5.0,21613764680,"642 9th Ave, New York, NY 10036, USA"
20445873062,Albert’s Bar,Live Partner,Toast,21613695888.0,Sleeping Giant,albertsbar.com,"BB1, BB3 - Bar",New York,Midtown,Colin Camac,2024-04-24 17:02,Aayush Sanghrajka,10017,P1,2024-06-25 09:58,,Midtown,Partner,Resy,1.0,5.0,21613695888,"140 E 41st St, New York, NY 10017, USA"
20445119795,Sea Fire Grill,Live Partner,Other (please add in account notes),21613786032.0,Benjamin Restaurant Group,theseafiregrill.com,BB1,New York,Midtown,Colin Camac,2024-04-24 17:02,Rachel Shapiro,10017,P1,,,Midtown,Partner,OpenTable,1.0,3.0,21613786032,"158 E 48th St Between 3rd and, The Buchanan, Lexington Ave, New York, NY 10017, USA"
20445437710,Crave Fishbar UWS,Live Partner,Toast,21615051180.0,Crave Group,cravefishbar.com,BB1,New York,UWS,Colin Camac,2024-04-24 17:02,Rachel Shapiro,10022,P1,2024-07-23 17:44,,Midtown,Partner,OpenTable,1.0,3.0,21615051180,"428 Amsterdam Ave, New York, NY 10024, USA"
20445872177,Hoseki,Live Partner,Toast,20790791731.0,Hoseki,hosekinyc.com,BB1,New York,Midtown,Colin Camac,2024-04-24 17:02,Rachel Shapiro,,,2024-06-20 21:23,,Midtown,Partner,Resy,1.0,2.0,20790791731,"611 5th Ave, New York, NY 10022, USA"
20445133621,Kubeh,Live Partner,Toast,20791016245.0,Kubeh,eatkubeh.com,BB1,New York,Union Square,Colin Camac,2024-04-24 17:02,,10011,P1,2024-07-11 17:58,,Union Square,Partner,Resy,1.0,4.0,20791016245,"464 6th Ave, New York, NY 10011, USA"
20445815429,NARO,Live Partner,,,,naronyc.com,,New York,,Aayush Sanghrajka,2024-04-24 17:02,,10020,,2024-08-06 10:32,,,Partner,,1.0,3.0,,"Rink Level CO, 610 5th Ave #04, New York, NY 10020, USA"
20445251340,Barbuto,Live Partner,Toast,20789680052.0,Barbuto,barbutonyc.com,BB1,New York,West Village,Colin Camac,2024-04-24 17:02,Rachel Shapiro,10014,,2024-07-23 18:22,,West Village,Partner,,1.0,4.0,20789680052,"113 Horatio St, New York, NY 10014, USA"
20445532080,Tia Pol,Live Partner,Toast,20791099028.0,Tia Pol,tiapol.com,BB1,New York,Manhattan,Colin Camac,2024-04-24 17:02,Rachel Shapiro,10011,,2024-08-06 11:12,,,Partner,Resy,1.0,3.0,20791099028,"205 10th Ave, New York, NY 10011, USA"
20445584670,Mino Brasserie,Live Partner,Other (please add in account notes),20791162194.0,Mino Brasserie,minobrasserie.com,BB1,New York,West Village,Colin Camac,2024-04-24 17:02,Rachel Shapiro,10011,P1,,,West Village,Partner,,1.0,1.0,20791162194,"225 W 12th St, New York, NY 10011, USA"
20445944163,Benjamin Prime,Live Partner,Other (please add in account notes),21613786032.0,Benjamin Restaurant Group,benjaminsteakhouse.com,BB1,New York,Midtown,Colin Camac,2024-04-24 17:02,Rachel Shapiro,10017,P1,2024-06-25 17:08,,Midtown,Partner,OpenTable,1.0,3.0,21613786032,"23 E 40th St, Between Park and, Madison Ave, New York, NY 10016, USA"
20445495630,Spygold,Live Partner,Toast,21612720495.0,Greywind / Spygold,spygoldnyc.com,BB3 - Bar,New York,Manhattan,Colin Camac,2024-04-24 17:01,Rachel Shapiro,,P1,,,,Partner,Resy,1.0,4.0,21612720495,"451 10th Ave, New York, NY 10018, USA"
20445779626,Overstory,Live Partner,,21613804062.0,SAGA Hospitality Group,overstory-nyc.com,BB1,New York,Financial District,Colin Camac,2024-04-24 17:01,Rachel Shapiro,,P0,,,Financial District,Partner,Resy,1.0,1.0,21613804062,"70 Pine St 64th Floor, New York, NY 10005, USA"
20445589123,Alidoro Bryant park,Live Partner,Toast,21613534999.0,Alidoro Group;Alidoro,,BB2,New York,Midtown,Colin Camac,2024-04-24 17:01,Aayush Sanghrajka,10018,P0,2024-08-05 17:16,,Downtown BK,Partner,Other (see below),1.0,5.0,21613534999;20939387987,"Bryant Park, New York, NY 10018, USA"
20445768481,Thyme Bar,Live Partner,Toast,20790892467.0,Thyme Bar,thymebarnyc.com,BB3 - Bar,New York,Flatiron,Colin Camac,2024-04-24 17:01,Aayush Sanghrajka,10010,P1,2024-05-23 12:38,Single Unit,Flatiron,Partner,Resy,1.0,5.0,20790892467,"20 W 23rd St Cellar, New York, NY 10010, USA"
20445274226,Lulla,Live Partner,,20629833582.0,Renwick Hospitality Group,lullanyc.com,BB1,New York,Flatiron,Colin Camac,2024-04-24 17:01,,10001,,,,Flatiron,Partner,OpenTable,1.0,4.0,20629833582,"113 W 24th St, New York, NY 10011, USA"
20445663257,Altair,Live Partner,,20629833582.0,Renwick Hospitality Group,altairnyc.com,BB1,New York,Midtown,Colin Camac,2024-04-24 17:01,,10018,,,,Midtown,Partner,OpenTable,1.0,1.0,20629833582,"54 W 40th St, New York, NY 10018, USA"
20445584646,The Paris Cafe,Live Partner,Other (please add in account notes),20789661718.0,The Paris Cafe,pariscafenyc.com,BB1,New York,Financial District,Colin Camac,2024-04-24 17:01,Aayush Sanghrajka,10010,P1,2024-06-20 18:07,,Financial District,Partner,Resy,1.0,6.0,20789661718,"119 South Street, 119 Peck Slip, New York, NY 10038, USA"
20445919827,Steak Frites,Live Partner,Toast,21613764680.0,SB Hospitality,steakfritesbistro.com,BB1,New York,Hells Kitchen,Colin Camac,2024-04-24 17:01,Aayush Sanghrajka,10018,P2,2024-06-05 17:17,,Hells Kitchen,Partner,Resy,1.0,7.0,21613764680,"496 9th Ave, New York, NY 10018, USA"
20445919826,The Bakery at Greywind,Live Partner,Toast,21612720495.0,Greywind / Spygold,greywindnyc.com,BB2,New York,Hudson Yards,Colin Camac,2024-04-24 17:01,Rachel Shapiro,10018,P1,,,Hudson Yards,Partner,,1.0,1.0,21612720495,"451 10th Ave Entrance, W 35th St, New York, NY 10018, USA"
20445061542,Jajaja West Village,Live Partner,Other (please add in account notes),21613786035.0,Jajaja;Jajaja,jajajamexicana.com,BB1,New York,West Village,Colin Camac,2024-04-24 17:01,Aayush Sanghrajka,10002,P1,,,Williamsburg,Partner,Resy,1.0,10.0,21613652736;21613786035,"63 Carmine St, New York, NY 10014, USA"
20439563153,L’Appartement 4f Wine Bar,Live Partner,Toast,20790948772.0,L’Appartement 4f Wine Bar,lappartement4f.com,BB3 - Bar,New York,Brooklyn Heights,Colin Camac,2024-04-24 17:01,,11201,P0,2024-07-31 17:03,,Brooklyn Heights,Partner,Tock,1.0,5.0,20790948772,"115 Montague St, Brooklyn, NY 11201, USA"
20445714312,Gertrude’s,Live Partner,Toast,22141788557.0,Gertrude's / Gertie's Group,gertrudes.nyc,BB1,New York,Prospect Heights,Colin Camac,2024-04-24 17:01,Rachel Shapiro,,,,,,Partner,Resy,1.0,1.0,22141788557,"605 Carlton Ave, Brooklyn, NY 11238, USA"
20445235066,Claro,Live Partner,Other (please add in account notes),20789812506.0,Claro,clarobk.com,BB1,New York,Gowanus,Colin Camac,2024-04-24 17:01,Aayush Sanghrajka,11215,,2024-06-12 15:13,,Gowanus,Partner,Resy,1.0,11.0,20789812506,"284 3rd Ave, Brooklyn, NY 11215, USA"
21112153863,Trad Room,Live Partner,,21614970137.0,Trad Room / Cotra,tradroombk.com,BB1,New York,Stuyvesant Heights,Maddie Weber,2024-04-24 15:45,,11233,P1,2024-08-02 17:28,,,Partner,,1.0,7.0,21614970137,"266 Malcolm X Blvd, Brooklyn, NY 11233, USA"
20442478857,Little Prince,Live Partner,Toast,21613786036.0,Price Street Hospitality,littlepiecompany.com,BB1,New York,Soho,Maddie Weber,2024-04-24 15:45,Rachel Shapiro,10036,P0,2024-07-02 14:20,,Soho,Partner,,1.0,10.0,21613786036,"199 Prince St, New York, NY 10012, USA"
20442762853,Falansai,Live Partner,Toast,20791100173.0,Falansai,falansai.com,BB1,New York,Bushwick,Colin Camac,2024-04-24 15:45,Rachel Shapiro,11237,,2024-07-23 17:43,,Bushwick,Partner,Resy,1.0,7.0,20791100173,"112 Harrison Pl, Brooklyn, NY 11237, USA"
20442387100,Crown Shy,Live Partner,Toast,21613804062.0,SAGA Hospitality Group,crownshy.nyc,BB1,New York,Financial District,Colin Camac,2024-04-24 15:45,Rachel Shapiro,10005,P0,2024-06-12 11:45,,Financial District,Partner,Resy,1.0,9.0,21613804062,"70 Pine St Ground Floor, New York, NY 10005, USA"
20442244745,Virginia’s,Live Partner,Toast,20790912289.0,Virginia’s,virginiasnyc.com,BB1,New York,East Village,Colin Camac,2024-04-24 15:45,Rachel Shapiro,10009,,2024-07-30 22:36,,East Village,Partner,,1.0,1.0,20790912289,"200 E 3rd St, New York, NY 10009, USA"
20442828213,Bird Dog,Live Partner,Square,20791075723.0,Bird Dog,birddognyc.com,BB1,New York,West Village,Colin Camac,2024-04-24 15:45,Rachel Shapiro,,P1,2024-07-16 12:56,,West Village,Partner,Resy,1.0,5.0,20791075723,"525 Hudson St, New York, NY 10014, USA"
20439492772,Emily Brooklyn,Live Partner,,21615134885.0,Pizza Loves Emily Group,pizzalovesemily.com,BB1,New York,Clinton Hill,Colin Camac,2024-04-24 15:45,,11238,P1,,Multi Unit (1-5),,Partner,,1.0,10.0,21615134885,"919 Fulton St, Brooklyn, NY 11238, USA"
20442549087,Bananas,Live Partner,Square,21614982967.0,Morgenstern's,morgensternsbananas.com,BB2,New York,Manhattan,Colin Camac,2024-04-24 15:45,Aayush Sanghrajka,10002,P1,,,,Partner,Other (see below),1.0,1.0,21614982967,"2 Rivington St, New York, NY 10002, USA"
20442888506,Piccolo Angolo,Live Partner,,20791162197.0,Piccolo Angolo,piccoloangolo.com,BB1,New York,West Village,Colin Camac,2024-04-24 15:45,,10014,P1,,,West Village,Partner,Resy,1.0,0.0,20791162197,"621 Hudson St, New York, NY 10014, USA"
20442779248,Smith & Mills Rock Center,Live Partner,,22141786413.0,Rockefeller Center Group,smithandmills.com,BB1,,Manhattan,Colin Camac,2024-04-24 15:45,,10013,,,,,Partner,,2.0,3.0,22141786413,"71 N Moore St, New York, NY 10013, USA"
20442478768,Rosemary's West,Live Partner,Toast,20656250514.0,Casa Nela,rosemarysnyc.com,BB1,New York,West Village,Colin Camac,2024-04-24 15:45,Rachel Shapiro,10011,P1,2024-05-31 18:06,,East Village,Partner,,1.0,3.0,20656250514,"350 1st Ave., New York, NY 10010, USA"
20442195001,Canal Street Market,Live Partner,Other (please add in account notes),20791069838.0,Canal Street Market,canalstreet.market,"BB2, BB4",New York,Chinatown,Colin Camac,2024-04-24 15:45,Aayush Sanghrajka,10013,,2024-08-05 21:24,,Chinatown,Partner,Other (see below),1.0,3.0,20791069838,"265 Canal St, New York, NY 10013, USA"
20442113336,Pilot,Live Partner,,21615026094.0,Crew,crewny.com,BB1,New York,Tribeca,Colin Camac,2024-04-24 15:45,,10013,P1,2024-08-02 15:32,,Tribeca,Partner,,1.0,3.0,21615026094,"Canal Street, NY 10013, USA"
20442387082,Mishik,Live Partner,Toast,20791162185.0,Mishik,mishiknyc.com,BB1,New York,West Village,Colin Camac,2024-04-24 15:45,Aayush Sanghrajka,10013,,,,West Village,Partner,Resy,1.0,2.0,20791162185,"259A Hudson St, New York, NY 10013, USA"
20442490650,Saigon Social,Live Partner,Toast,20791016247.0,Saigon Social,saigonsocialnyc.com,BB1,New York,LES,Colin Camac,2024-04-24 15:45,Rachel Shapiro,10002,P1,2024-07-26 09:08,,LES,Partner,Resy,1.0,2.0,20791016247,"172 Orchard St, New York, NY 10002, USA"
20442194998,Crif Dogs,Live Partner,Toast,21615005327.0,Crif Dogs / PDT Group,crifdogs.com,BB2,New York,Manhattan,Colin Camac,2024-04-24 15:45,Rachel Shapiro,10009,P0,,,,Partner,,1.0,3.0,21615005327,"113 St Marks Pl, New York, NY 10009, USA"
20442855587,Spring Cafe New York,Live Partner,Toast,20790803550.0,Spring Cafe New York,springcafeaspen.com,BB2,New York,Greenwich Village,Colin Camac,2024-04-24 15:45,Rachel Shapiro,10012,P0,2024-08-01 11:27,,Greenwich Village,Partner,Other (see below),1.0,2.0,20790803550,"153d Centre St, New York, NY 10013, USA"
20442525759,Nom Wah Nolita,Live Partner,Toast,21613610801.0,Nom Wah Group,nomwah.com,BB2,New York,LES,Colin Camac,2024-04-24 15:45,Aayush Sanghrajka,10012,P1,2024-08-06 08:01,,Chelsea,Partner,,1.0,4.0,21613610801,"10 Kenmare St, New York, NY 10012, USA"
20442154856,Fish Cheeks,Live Partner,Toast,21613759538.0,Fish Cheeks / Bangkok Supper Club Group,fishcheeksnyc.com,BB1,New York,Manhattan,Colin Camac,2024-04-24 15:45,Rachel Shapiro,10012,P0,,,,Partner,Resy,1.0,7.0,21613759538,"55 Bond St, New York, NY 10012, USA"
20442292227,Gertie,Live Partner,Toast,22141788557.0,Gertrude's / Gertie's Group,gertie.nyc,BB1,New York,Williamsburg,Colin Camac,2024-04-24 15:45,Rachel Shapiro,11211,P0,2024-08-05 09:49,,,Partner,Resy,1.0,5.0,22141788557,"357 Grand St, Brooklyn, NY 11211, USA"
20442418601,Her Name Was Carmen,Live Partner,Other (please add in account notes),20791002939.0,Her Name Was Carmen,carmennyc.com,"BB1, BB3 - Bar",New York,Soho,Colin Camac,2024-04-24 15:45,Rachel Shapiro,10013,,2024-06-07 14:30,,Soho,Partner,Resy,1.0,2.0,20791002939,"527 Broome St, New York, NY 10013, USA"
20442167649,Ketchy Shuby,Live Partner,Toast,20790993975.0,Ketchy Shuby,ketchyshubynyc.com,BB3 - Bar,New York,Soho,Colin Camac,2024-04-24 15:45,,,P1,2024-08-05 21:25,,Soho,Partner,Resy,1.0,4.0,20790993975,"406 Broome St, New York, NY 10013, USA"
20442682976,K'far,Live Partner,Aloha,20697100379.0,BOKA Restaurant Group,kfarbrooklyn.com,BB1,New York,Williamsburg,Colin Camac,2024-04-24 15:45,Rachel Shapiro,,P0,,,Williamsburg,Partner,Resy,1.0,7.0,20697100379,"97 Wythe Ave, Brooklyn, NY 11249, USA"
20442579616,Lindens,Live Partner,,20629833582.0,Renwick Hospitality Group,lindensnyc.com,BB1,New York,Soho,Colin Camac,2024-04-24 15:45,,10013,P2,,,Soho,Partner,OpenTable,1.0,2.0,20629833582,"2 Renwick St, New York, NY 10013, USA"
20442130322,Gelso & Grand,Live Partner,Other (please add in account notes),20790863445.0,Gelso & Grand,gelsoandgrand.com,BB1,New York,Nolita,Colin Camac,2024-04-24 15:45,Aayush Sanghrajka,10013,P1,,,Nolita,Partner,,1.0,2.0,20790863445,"186 Grand St, New York, NY 10013, USA"
20442905729,Lighthouse,Live Partner,Toast,20790937247.0,Lighthouse,lighthousebk.com,BB1,New York,Williamsburg,Colin Camac,2024-04-24 15:45,Rachel Shapiro,11211,P0,2024-07-30 13:29,,Williamsburg,Partner,Resy,1.0,9.0,20790937247,"Brooklyn, NY 11211, USA"
20442354706,Sereneco,Live Partner,Toast,,,sereneconyc.com,BB1,New York,Greenpoint,Colin Camac,2024-04-24 15:45,,11222,P1,2024-07-22 21:26,,Greenpoint,Partner,Resy,1.0,5.0,,"113 Franklin St, Brooklyn, NY 11222, USA"
20439025457,Meadowsweet,Live Partner,Toast,,,meadowsweetnyc.com,BB1,New York,Brooklyn,Maddie Weber,2024-04-24 15:45,,11211,P1,2024-07-30 15:35,Single Unit,Williamsburg,Partner,OpenTable,1.0,9.0,,"149 Broadway, Brooklyn, NY 11211, USA"
20442408742,Sunday in Brooklyn,Live Partner,Toast,21613759540.0,Sunday Hospitality Group,sundayinbrooklyn.com,BB1,New York,Williamsburg,Colin Camac,2024-04-24 15:45,Aayush Sanghrajka,11249,P0,,,Williamsburg,Partner,Resy,1.0,14.0,21613759540,"348 Wythe Ave, Brooklyn, NY 11249, USA"
20442418596,Pomp and Circumstance,Live Partner,Toast,20789818290.0,Pomp and Circumstance,pandcdining.com,BB1,New York,Williamsburg,Colin Camac,2024-04-24 15:45,Rachel Shapiro,11211,P1,,,Williamsburg,Partner,Resy,1.0,7.0,20789818290,"577 Lorimer St, Brooklyn, NY 11211, USA"
20442374686,Diner,Live Partner,Square,20677521062.0,The Marlow Collective,dinernyc.com,BB1,New York,Williamsburg,Colin Camac,2024-04-24 15:45,Rachel Shapiro,11249,P0,,,Williamsburg,Partner,Resy,1.0,8.0,20677521062,"85 Broadway, Brooklyn, NY 11249, USA"
20442445469,Greenpoint Fish & Market Restaurant,Live Partner,Toast,22142771125.0,Greenpoint Fish & Lobster Co Group,greenpointfish.com,BB1,New York,Greenpoint,Colin Camac,2024-04-24 15:45,Aayush Sanghrajka,11222,P0,2024-07-23 17:43,,Greenpoint,Partner,Resy,1.0,5.0,22142771125,"114 Nassau Ave, Brooklyn, NY 11222, USA"
20442709514,Rule of Thirds,Live Partner,Toast,21613759540.0,Sunday Hospitality Group,thirdsbk.com,BB1,New York,Williamsburg,Colin Camac,2024-04-24 15:45,Rachel Shapiro,11222,P1,2024-07-18 13:35,,Williamsburg,Partner,Resy,1.0,12.0,21613759540,"171 Banker St, Brooklyn, NY 11222, USA"
20442501710,Nami Nori (Williamsburg),Live Partner,Toast,21615011433.0,Nami Nori Group;Nami Nori Group,naminori.nyc,BB1,New York,Williamsburg,Colin Camac,2024-04-24 15:45,Rachel Shapiro,10014,P1,2024-08-02 07:57,,,Partner,Resy,1.0,13.0,21613719624;21615011433,"236 N 12th St, Brooklyn, NY 11211, USA"
20442100353,Llama Inn,Live Partner,Toast,21615077815.0,The Llama Group,llamainnnyc.com,BB1,New York,Williamsburg,Colin Camac,2024-04-24 15:45,Aayush Sanghrajka,11211,P0,2024-07-02 15:39,,Williamsburg,Partner,Resy,1.0,9.0,21615077815,"50 Withers St, Brooklyn, NY 11211, USA"
20442445467,Ensenada,Live Partner,,20790899253.0,Ensenada,ensenadanyc.com,BB1,New York,Williamsburg,Colin Camac,2024-04-24 15:45,Rachel Shapiro,11211,P0,2024-07-23 18:23,,Williamsburg,Partner,Resy,1.0,5.0,20790899253,"168 Borinquen Pl, Brooklyn, NY 11211, USA"
20442739272,Laser Wolf,Live Partner,Aloha,20697100379.0,BOKA Restaurant Group,laserwolfbrooklyn.com,BB1,New York,Williamsburg,Colin Camac,2024-04-24 15:45,Rachel Shapiro,11249,Anchor,,,Williamsburg,Partner,Resy,1.0,8.0,20697100379,"97 Wythe Ave, Brooklyn, NY 11249, USA"
20441777694,Davey’s Ice Cream (EV),Live Partner,Square,21615107753.0,Davey's Ice Cream Group,daveysicecream.com,BB2,New York,East Village,Colin Camac,2024-04-24 14:35,Aayush Sanghrajka,10003,P1,2024-07-23 11:45,,Greenpoint,Partner,Other (see below),1.0,6.0,21615107753,"309 E 9th St, New York, NY 10003, USA"
20441641827,Madame Vo,Live Partner,,21613748596.0,Madame Vo / Monsieur Vo Group,madamevo.com,BB1,New York,East Village,Colin Camac,2024-04-24 14:35,Rachel Shapiro,10003,P1,,,East Village,Partner,Resy,1.0,3.0,21613748596,"212 E 10th St, New York, NY 10003, USA"
20441308161,Tappo NYC Thin Crust Pizza,Live Partner,Other (please add in account notes),21613725741.0,NYC Thin Crust Pizza,nycthincrust.com,BB1,New York,BK Misc,Colin Camac,2024-04-24 14:35,Aayush Sanghrajka,10009,P1,,,Midtown,Partner,,1.0,7.0,21613725741,"49 W 24th St, New York, NY 10010, USA"
20442007733,Mah Ze Dahr WV,Live Partner,Toast,21613577495.0,Mah Ze Dahr Group,mahzedahrbakery.com,BB2,New York,West Village,Colin Camac,2024-04-24 14:35,Aayush Sanghrajka,10011,P1,2024-08-01 10:47,,Financial District,Partner,,1.0,14.0,21613577495,"West Virginia, USA"
20441273106,Hanoi House,Live Partner,Toast,20789825613.0,Hanoi House,hanoihousenyc.com,BB1,New York,East Village,Colin Camac,2024-04-24 14:35,Rachel Shapiro,,P0,2024-08-02 13:34,,East Village,Partner,Resy,1.0,3.0,20789825613,"119 St Marks Pl, New York, NY 10009, USA"
20441994846,Patisserie Fouet,Live Partner,Toast,21613583955.0,Cloud 9,fouetnyc.com,"BB1, BB2",New York,Greenwich Village,Colin Camac,2024-04-24 14:35,Rachel Shapiro,10003,P1,2024-07-12 16:18,,Greenwich Village,Partner,Resy,1.0,4.0,21613583955,"15 E 13th St, New York, NY 10003, USA"
20441641825,Decibel,Live Partner,Square,21615057493.0,Ban Rai / Decibel Group,sakebardecibel.com,BB3 - Bar,New York,East Village,Colin Camac,2024-04-24 14:35,Rachel Shapiro,10003,P0,,,East Village,Partner,Resy,1.0,1.0,21615057493,"240 E 9th St, New York, NY 10003, USA"
20442140481,Unregular Pizza LES,Live Partner,Square,21612720494.0,Unregular Hospitality Group,unregularpizza.com,BB2,New York,Greenwich Village,Colin Camac,2024-04-24 14:35,Aayush Sanghrajka,10003,P1,2024-08-01 11:30,,Greenwich Village,Partner,Other (see below),1.0,2.0,21612720494,"135 4th Ave, New York, NY 10003, USA"
20442137390,GupShup,Live Partner,Toast,20790976597.0,GupShup,gupshupnyc.com,BB1,New York,Gramercy,Colin Camac,2024-04-24 14:35,Aayush Sanghrajka,10003,P0,2024-08-06 12:52,,Gramercy,Partner,Resy,1.0,6.0,20790976597,"115 E 18th St (Between Park Ave &, Irving Pl, New York, NY 10003, USA"
20442117489,Nudibranch,Live Partner,Toast,20791016248.0,Nudibranch,nudibranchnyc.com,BB1,New York,East Village,Colin Camac,2024-04-24 14:35,,10003,P1,2024-06-03 17:02,Single Unit,East Village,Partner,OpenTable,1.0,3.0,20791016248,"125 1st Ave., New York, NY 10003, USA"
20442328184,Bobwhite Counter (East Village),Live Partner,Toast,21613814445.0,Bobwhite Counter Group,bobwhitecounter.com,BB2,New York,East Village,Colin Camac,2024-04-24 14:35,Aayush Sanghrajka,10009,P1,2024-08-01 13:09,,Long Island City,Partner,Other (see below),1.0,4.0,21613814445,"94 Loisaida Ave, New York, NY 10009, USA"
20441224209,Ramen by Rā,Live Partner,Other (please add in account notes),20790843239.0,Ramen by Rā,ramenbyra.com,BB1,New York,Noho,Colin Camac,2024-04-24 14:35,Aayush Sanghrajka,10012,P0,2024-07-29 13:30,,Noho,Partner,Resy,1.0,1.0,20790843239,"Inside The Bowery Market, 348 Bowery, New York, NY 10012, USA"
20439013976,The Stand,Live Partner,Toast,,,thestandnyc.com,BB1,New York,Union Square,Colin Camac,2024-04-24 14:35,Aayush Sanghrajka,10003,P2,,,Union Square,Partner,OpenTable,1.0,1.0,,"New York, NY 10003, USA"
20441641821,Loring Place,Live Partner,,,,loringplacenyc.com,BB1,New York,Manhattan,Colin Camac,2024-04-24 14:35,Rachel Shapiro,10011,P1,,,,Partner,,1.0,3.0,,"21 W 8th St, New York, NY 10011, USA"
20441791813,PDT,Live Partner,Toast,21615005327.0,Crif Dogs / PDT Group,pdtnyc.com,BB3 - Bar,New York,Manhattan,Colin Camac,2024-04-24 14:35,Rachel Shapiro,,P0,2024-07-31 12:20,,,Partner,,1.0,1.0,21615005327,"113 St Marks Pl, New York, NY 10009, USA"
20441684636,Isabelle’s Osteria,Live Partner,Toast,20659252773.0,Branded Restaurants,isabellesnyc.com,BB1,New York,Manhattan,Colin Camac,2024-04-24 14:35,,10003,P1,2024-07-24 15:00,Single Unit,,Partner,Resy,1.0,3.0,20659252773,"245 Park Ave S, New York, NY 10003, USA"
20441811719,The Standard Biergarten,Live Partner,Other (please add in account notes),22146385450.0,The Standard Hotels Group,standardhotels.com,BB2,New York,West Village,Colin Camac,2024-04-24 14:35,,10003,P1,2024-08-06 12:50,,West Village,Partner,Resy,1.0,9.0,22146385450,"848 Washington St, New York, NY 10014, USA"
20441256552,KYU NYC,Live Partner,Toast,22142726797.0,KYU Restaurants Group,kyurestaurants.com,BB1,New York,Noho,Colin Camac,2024-04-24 14:35,Aayush Sanghrajka,33127,P0,2024-07-17 17:58,,Noho,Partner,Resy,1.0,7.0,22142726797,"New York, NY, USA"
20442102071,Monsieur Vo,Live Partner,,21613748596.0,Madame Vo / Monsieur Vo Group,monsieurvonyc.com,BB1,New York,East Village,Colin Camac,2024-04-24 14:35,Rachel Shapiro,10003,P1,,,East Village,Partner,Resy,1.0,1.0,21613748596,"104 2nd Ave, New York, NY 10003, USA"
22247808826,The Roll,Signed,,,,therollsf.com,BB1,,,Michelle Pearsall,2024-08-05 14:31,,94123,,,Single Unit,,Opportunity,Other (see below),1.0,0.0,,"New York, NY, USA"
22018048612,Norman Rose Tavern,Signed,Toast,,,normanrosetavern.net,BB1,San Francisco,,Michelle Pearsall,2024-07-22 21:28,Aayush Sanghrajka,94559,,,Single Unit,,Partner,,1.0,1.0,,"New York, NY, USA"
21948518145,Spinning Bones,Signed,,,,spinningbones.com,,,,Michelle Pearsall,2024-07-17 15:52,,94501,,2024-07-23 19:06,,,Partner,,1.0,3.0,,"New York, NY, USA"
21944508972,Ivan Ramen,Signed,,,,ivanramen.com,,,,Alyssa Ritter,2024-07-17 11:54,,10002,,2024-08-06 12:26,,,Partner,,1.0,5.0,,"25 Clinton St, New York, NY 10002, USA"
21871546751,Cafe Maud / Rhymer's Club,Signed,,,,cafemaud.com,BB1,New York,East Village,Maddie Weber,2024-07-12 14:10,,10003,,,,,Opportunity,,1.0,1.0,,"132 2nd Ave, New York, NY 10003, USA"
21800481105,Ristobar,Signed,Toast,,,ristobarsf.com,BB1,,,Michelle Pearsall,2024-07-08 13:10,,94123,,2024-07-26 19:00,,,Partner,OpenTable,1.0,3.0,,"New York, NY, USA"
21733891423,Avotoasty (Bay Pl.),Signed,Toast,22141785677.0,Avotoasty Group,avotoasty.com,BB1,San Francisco,,Michelle Pearsall,2024-07-03 18:47,Aayush Sanghrajka,94610,,,,,Partner,,1.0,1.0,22141785677,"New York, NY, USA"
21733891214,"Avotoasty (California St., SF)",Signed,Toast,22141785677.0,Avotoasty Group,avotoasty.com,BB1,San Francisco,,Michelle Pearsall,2024-07-03 18:38,Aayush Sanghrajka,94111,P1,,,FiDi,Partner,,1.0,1.0,22141785677,"San Francisco, CA 94111, USA"
21710406189,"Pizzalicious (Castro St., SF)",Signed,,22141785726.0,Pizzalicious Group,pizzalicious.com,BB2,San Francisco,,Michelle Pearsall,2024-07-02 16:21,Aayush Sanghrajka,94114,,,,Castro,Partner,,1.0,1.0,22141785726,"New York, NY, USA"
21710405741,"Pizzalicious (Polk St., SF)",Signed,,22141785726.0,Pizzalicious Group,pizzalicious.com,BB2,San Francisco,,Michelle Pearsall,2024-07-02 16:15,Aayush Sanghrajka,94109,,,,Nob Hill,Partner,,1.0,1.0,22141785726,"New York, NY, USA"
21710405130,Pizzalicious (Union St. SF),Signed,Square,22141785726.0,Pizzalicious Group,pizzalicioussanfrancisco.com,BB2,San Francisco,,Michelle Pearsall,2024-07-02 16:05,Aayush Sanghrajka,94123,,,,Marina/Cow Hollow,Partner,,1.0,1.0,22141785726,"New York, NY, USA"
21708629792,"EARTHBAR (Union St., SF)",Signed,Toast,22142502820.0,Earthbar Group,Earthbar.com,BB2,San Francisco,,Michelle Pearsall,2024-07-02 15:47,Aayush Sanghrajka,94123,,,,Marina/Cow Hollow,Partner,,1.0,2.0,22142502820,"New York, NY, USA"
21691195255,Saucy Asian (Bay St.),Signed,Toast,22141785939.0,Saucy Asian Group,saucyasian.com,BB2,San Francisco,,Michelle Pearsall,2024-07-01 13:05,Aayush Sanghrajka,94608,,,,,Partner,,1.0,1.0,22141785939,"New York, NY, USA"
21678457149,"Rooster & Rice (Stevem's Creek Blvd., Santa Clara)",Signed,,22141786141.0,Rooster & Rice Group,roosterandrice.com,BB2,San Francisco,,Michelle Pearsall,2024-07-01 00:02,Aayush Sanghrajka,95050,,,,,Partner,,1.0,2.0,22141786141,"Santa Clara, CA 95050, USA"
21651314511,"Rooster & Rice (Stanyan, SF)",Signed,,22141786141.0,Rooster & Rice Group,roosterandrice.com,BB2,San Francisco,,Michelle Pearsall,2024-06-28 18:25,Aayush Sanghrajka,94118,,,,,Partner,,1.0,2.0,22141786141,"New York, NY, USA"
21647513246,Boto,Signed,,,,botosf.com,BB1,San Francisco,,Michelle Pearsall,2024-06-28 13:27,Aayush Sanghrajka,94123,,,,Marina/Cow Hollow,Partner,OpenTable,1.0,1.0,,"New York, NY, USA"
21619421030,Beshraham,Signed,Toast,,,besharamsf.com,,,,Michelle Pearsall,2024-06-26 18:41,,94107,,2024-07-25 19:55,,,Partner,Resy,1.0,2.0,,"New York, NY, USA"
21613628832,Upside Pizza Greenpoint,Signed,,22141786281.0,Upside Pizza Group,,,,,,2024-06-26 13:27,,,,,,,Opportunity,,1.0,1.0,22141786281,"640 Manhattan Ave, Brooklyn, NY 11222, USA"
21615095390,Upside Pizza - UWS,Signed,,22141786281.0,Upside Pizza Group,,,,,,2024-06-26 13:27,,,,,,,Opportunity,,1.0,1.0,22141786281,"Upper West Side, New York, NY, USA"
21615119109,Upside Pizza Midtown East,Signed,,22141786281.0,Upside Pizza Group,,,,,,2024-06-26 13:27,,,,,,,Opportunity,,1.0,1.0,22141786281,"20 E 40th St, New York, NY 10016, USA"
21613566473,Upside Pizza Chelsea,Signed,,22141786281.0,Upside Pizza Group,,,,,,2024-06-26 13:27,,,,,,,Opportunity,,1.0,1.0,22141786281,"598 8th Ave, New York, NY 10018, USA"
21613781322,LadyFalconCoffeeClub Wawona,Signed,,,LadyFalconCoffeeClub Group,,,,,,2024-06-26 13:27,,,,,,,Opportunity,,1.0,0.0,21615108206,"New York, NY, USA"
21594176042,Rice Flour and Panna,Signed,,,,riceflourandpanna.com,BB2,San Francisco,,Michelle Pearsall,2024-06-25 13:10,Aayush Sanghrajka,,,,,Hayes Valley,Opportunity,OpenTable,1.0,1.0,,"New York, NY, USA"
21584017825,Toy Soldier,Signed,,,,toysoldiersf.com,BB1,San Francisco,,Michelle Pearsall,2024-06-24 21:22,Aayush Sanghrajka,94104,P1,,,FiDi,Partner,Other (see below),1.0,1.0,,"New York, NY, USA"
21583582321,Trinity Bar & Restaurant,Signed,,,,bartrinitysf.com,BB1,San Francisco,,Michelle Pearsall,2024-06-24 21:12,Aayush Sanghrajka,94123,P1,,,Cow Hollow/Marina,Partner,,1.0,1.0,,"New York, NY, USA"
21581366573,The Blue Light,Signed,,,,bluelightsf.com,BB1,San Francisco,,Michelle Pearsall,2024-06-24 16:30,,94123,,2024-06-24 16:30,,Marina/Cow Hollow,Partner,,1.0,1.0,,"New York, NY, USA"
21495325856,"Avotoasty (Union St., SF)",Signed,Toast,22141785677.0,Avotoasty Group,avotoasty.com,BB1,San Francisco,,Michelle Pearsall,2024-06-18 18:53,Aayush Sanghrajka,94123,P1,2024-07-08 16:24,Multi Unit (1-5),Marina/Cow Hollow,Partner,,1.0,1.0,22141785677,"New York, NY, USA"
21396007605,INDO Restaurant & Lounge,Signed,Toast,,,indorestaurant.com,BB1,San Francisco,,Michelle Pearsall,2024-06-12 10:32,Aayush Sanghrajka,94306,,,,,Partner,OpenTable,1.0,2.0,,"New York, NY, USA"
21312782969,Dragon Horse,Signed,,,,minsgroupllc.com,BB1,San Francisco,,Michelle Pearsall,2024-06-07 20:29,Aayush Sanghrajka,94107,,2024-06-24 11:51,,,Partner,,1.0,2.0,,"New York, NY, USA"
21312782942,The Refuge,Signed,,21800723109.0,The Refuge,refugesc.com,BB3 - Bar,San Francisco,,Michelle Pearsall,2024-06-07 20:23,Michelle Pearsall,94107,,,,SoMa,Partner,,,1.0,21800723109,"New York, NY, USA"
21313470531,Blind Pig,Signed,,,,blindpigspeakeasy.com,BB3 - Bar,San Francisco,,Michelle Pearsall,2024-06-07 20:15,Aayush Sanghrajka,94109,,,Multi Unit (1-5),Lower Nob Hill,Partner,,1.0,1.0,,"New York, NY, USA"
21311222334,Outer Heaven,Signed,Toast,,,outerheaven.nyc,BB3 - Bar,New York,,Colin Camac,2024-06-07 16:01,Aayush Sanghrajka,10002,P1,,Single Unit,,Partner,,1.0,0.0,,"191 Chrystie St, New York, NY 10002, USA"
21271320224,Kebabwala,Signed,,21613565959.0,Unapologetic Foods,kebabwala.nyc,BB2,New York,,Colin Camac,2024-06-05 11:24,Aayush Sanghrajka,10003,,,,,Opportunity,,1.0,0.0,21613565959,"New York, NY 10003, USA"
21257869475,Sacred Taco,Signed,,,,sacredtacosf.com,BB1,San Francisco,,Michelle Pearsall,2024-06-04 23:20,Aayush Sanghrajka,94123,P1,2024-06-24 11:52,Single Unit,Marina/Cow Hollow,Partner,,1.0,1.0,,"New York, NY, USA"
21247416165,Rowdy Rooster (Midtown),Signed,Toast,21613565959.0,Unapologetic Foods,rowdyrooster.com,BB2,New York,,Colin Camac,2024-06-04 12:21,Aayush Sanghrajka,10003,,,,,Partner,,1.0,0.0,21613565959,"149 1st Ave., New York, NY 10003, USA"
21234219880,Escape From New York Pizza-Downtown,Signed,,22028210715.0,Escape From New York Pizza Group;Escape From New York Pizza-Haight,escapefromnewyorkpizza.com,BB2,San Francisco,,Michelle Pearsall,2024-06-04 01:46,,94104,P1,,,,Partner,,1.0,1.0,22028210715;21234219636,"New York, NY, USA"
21204691712,Jang,Signed,,22142725762.0,Joodang / Jang Group,jangsf.com,BB1,San Francisco,,Michelle Pearsall,2024-06-02 14:35,Aayush Sanghrajka,94102,P0,,Multi Unit (1-5),Hayes Valley,Partner,OpenTable,1.0,1.0,22142725762,"New York, NY, USA"
21204691596,JooDang,Signed,,22142725762.0,Joodang / Jang Group,joodangsf.com,BB1,San Francisco,,Michelle Pearsall,2024-06-02 14:23,Aayush Sanghrajka,94102,P0,,Multi Unit (1-5),Tenderloin,Partner,OpenTable,1.0,1.0,22142725762,"New York, NY, USA"
21185458758,satosushisf.com,Signed,,21613670468.0,Mins Group,satosushisf.com,BB1,San Francisco,,Michelle Pearsall,2024-06-01 14:38,Aayush Sanghrajka,94109,P0,,Multi Unit (1-5),,Partner,,1.0,1.0,21613670468,"New York, NY, USA"
21184432407,satoomakase.com,Signed,,21613670468.0,Mins Group,satoomakase.com,BB1,San Francisco,,Michelle Pearsall,2024-06-01 14:26,Aayush Sanghrajka,94109,P0,,Multi Unit (1-5),Nob Hill,Partner,OpenTable,1.0,0.0,21613670468,"New York, NY, USA"
21615043466,Mins Group,Signed,,,,minsgroupllc.com,,San Francisco,,Michelle Pearsall,2024-06-01 14:21,,,,2024-06-24 22:55,,,Partner,,,1.0,,"New York, NY, USA"
21150035458,sushihakkosf.com,Signed,,21613670468.0,Mins Group,sushihakkosf.com,BB1,San Francisco,,Michelle Pearsall,2024-05-31 01:51,Aayush Sanghrajka,94123,P0,,Multi Unit (1-5),,Partner,OpenTable,1.0,1.0,21613670468,"New York, NY, USA"
21138967155,Owlbear Cafe,Signed,Toast,,,,BB2,,,,2024-05-30 13:31,,,,,,,Partner,,1.0,1.0,,"New York, NY, USA"
20998722181,Bleu Coffee & Tea,Signed,Toast,22141787525.0,Bleu Coffee Group,bluewhalerestaurant-lounge.com,BB2,San Francisco,,Michelle Pearsall,2024-05-24 17:16,,,P1,,,Marina,Partner,,1.0,1.0,22141787525,"New York, NY, USA"
20983032204,Blue Whale Restaurant,Signed,,,,bluewhalerestaurant-lounge.com,BB1,San Francisco,,Michelle Pearsall,2024-05-24 00:24,,94123,P0,2024-07-10 15:27,,,Partner,,1.0,1.0,,"New York, NY, USA"
20933172601,Java Beach at the Zoo,Signed,,22142725708.0,Java Beach Group,javabeachcafe.com,BB2,San Francisco,,Michelle Pearsall,2024-05-21 18:54,,94116,,,Multi Unit (1-5),Outer Sunset,Partner,,1.0,0.0,22142725708,"New York, NY, USA"
20933172482,Java Beach,Signed,,22142725708.0,Java Beach Group,javabeachcafe.com,BB2,San Francisco,,Michelle Pearsall,2024-05-21 18:47,,94122,,,Multi Unit (1-5),,Partner,,1.0,1.0,22142725708,"New York, NY, USA"
20910150289,LadyFalconCoffeeClub Alamo,Signed,,21615108206.0,LadyFalconCoffeeClub Group,ladyfalconcoffeeclub.com,BB2,San Francisco,,Michelle Pearsall,2024-05-20 14:04,,94117,,2024-07-23 19:31,,Western Addition,Partner,,1.0,1.0,21615108206,"New York, NY, USA"
20909318324,"Rooster & Rice (Kearny St., SF)",Signed,,22141786141.0,Rooster & Rice Group,,BB2,San Francisco,,Michelle Pearsall,2024-05-20 13:25,Aayush Sanghrajka,94108,,,,Downtown,Partner,,1.0,2.0,22141786141,"New York, NY, USA"
20909357179,"Rooster & Rice (2nd St., SF)",Signed,,22141786141.0,Rooster & Rice Group,,,San Francisco,,Michelle Pearsall,2024-05-20 13:25,,94107,,,,SoMa,Partner,,1.0,2.0,22141786141,"San Francisco, CA 94107, USA"
20909389947,Isa Restaurant,Signed,Toast,,,isarestaurant.com,BB1,San Francisco,,Michelle Pearsall,2024-05-20 13:22,,94123,P1,2024-07-18 18:50,,Marina,Partner,OpenTable,1.0,6.0,,"New York, NY, USA"
20909120134,"Rooster & Rice (Filbert, SF)",Signed,,22141786141.0,Rooster & Rice Group,roosterandrice.com,BB1,San Francisco,,Michelle Pearsall,2024-05-20 13:22,,94123,,2024-07-10 15:44,,Marina,Partner,,1.0,3.0,22141786141,"New York, NY, USA"
20868202648,Sushi Hon,Signed,,21613670468.0,Mins Group,sushihonsf.com,BB1,San Francisco,,Michelle Pearsall,2024-05-17 15:28,,94110,P1,,,,Partner,,1.0,1.0,21613670468,"New York, NY, USA"
20855134486,"EARTHBAR (Chestnut, SF)",Signed,Toast,22142502820.0,Earthbar Group,earthbar.com,BB2,San Francisco,,Michelle Pearsall,2024-05-17 00:52,Aayush Sanghrajka,94123,P1,2024-07-08 15:30,Enterprise (6+),Marina/Cow Hollow,Partner,,1.0,2.0,22142502820,"New York, NY, USA"
20794213499,brendasoakland.com,Signed,Toast,21613759536.0,French Soul Food,brendasoakland.com,BB1,San Francisco,,Michelle Pearsall,2024-05-14 00:15,Aayush Sanghrajka,94611,P1,,Multi Unit (1-5),Oakland,Partner,Resy,,2.0,21613759536,"New York, NY, USA"
20791081532,The Oyster Shed,Signed,,,,,,Charleston,,,2024-05-13 18:14,,,,,,,Partner,,1.0,0.0,,"New York, NY, USA"
20789666685,"CREPES & SHAKES LA,",Signed,,,,,,,,,2024-05-13 18:14,,,,,,,Opportunity,,1.0,0.0,,"New York, NY, USA"
20790984498,Made in New York Pizza Midtown,Signed,,22027521699.0,Made In New York Pizza Group,,,New York,,,2024-05-13 18:14,,,,,,,Opportunity,,1.0,0.0,22027521699,"512 7th Ave, New York, NY 10018, USA"
20791034766,Benjamin Steakhouse Westchester,Signed,,21613786032.0,Benjamin Restaurant Group,,,New York,,Colin Camac,2024-05-13 18:14,Aayush Sanghrajka,,,,,,Opportunity,,1.0,0.0,21613786032,"New York, NY, USA"
20791094698,Jon & Vinny’s (Fairfax),Signed,,21612720498.0,Jon & Vinny's Group,,,,,,2024-05-13 18:14,,,,,,,Opportunity,,1.0,0.0,21612720498,"New York, NY, USA"
20790873522,Soda Club,Signed,,21613701439.0,Overthrow Hospitality,,,New York,,,2024-05-13 18:14,,,,,,,Opportunity,,1.0,0.0,21613701439,"155 Avenue B, New York, NY 10009, USA"
20791027078,Made in New York Pizza UWS 421,Signed,,22027521699.0,Made In New York Pizza Group,,,New York,,,2024-05-13 18:14,,,,,,,Opportunity,,1.0,0.0,22027521699,"271 Amsterdam Ave, New York, NY 10023, USA"
20791002948,Porta Montclair,Signed,,21613518637.0,Smith Hospitality Group,,,New York,,,2024-05-13 18:14,,,,,,,Opportunity,,1.0,0.0,21613518637,"499 Bloomfield Ave, Montclair, NJ 07042, USA"
20789812513,Empellon Taqueria Waterline Square,Signed,,21613701441.0,Empellon Group,,,New York,,,2024-05-13 18:14,,,,,,,Partner,,1.0,0.0,21613701441,"645 W 59th St, New York, NY 10069, USA"
20789818292,Evette’s Lincoln Park,Signed,,21613755257.0,Evette's Chicago Group,,,Chicago,,,2024-05-13 18:14,,,,,,,Partner,,1.0,0.0,21613755257,"New York, NY, USA"
20791124789,Chama Mama Brooklyn Heights,Signed,,22028210522.0,Chama Mama Group,,,New York,,Colin Camac,2024-05-13 18:14,Rachel Shapiro,,,,,,Partner,,1.0,0.0,22028210522,"121 Montague St, Brooklyn, NY 11201, USA"
20790937244,Ace’s Pizza Rockefeller,Signed,,21613540727.0,Ace's Pizza,,,New York,,,2024-05-13 18:14,,,,,,,Opportunity,,1.0,0.0,21613540727,"30 Rockefeller Center, New York, NY 10112, USA"
20790803543,Raku Soho,Signed,,21613583955.0,Cloud 9,,,New York,,,2024-05-13 18:14,,,,,,,Opportunity,,1.0,0.0,21613583955,"48 MacDougal St, New York, NY 10012, USA"
20790863447,Made in New York Pizza UWS 271,Signed,,22027521699.0,Made In New York Pizza Group,,,New York,,,2024-05-13 18:14,,,,,,,Opportunity,,1.0,0.0,22027521699,"271 Amsterdam Ave, New York, NY 10023, USA"
20791075719,Raku Hanare,Signed,,21613583955.0,Cloud 9,,,New York,,,2024-05-13 18:14,,,,,,,Opportunity,,1.0,0.0,21613583955,"New York, NY, USA"
20789672983,Porta Asbury Park,Signed,,21613518637.0,Smith Hospitality Group,,,New York,,,2024-05-13 18:14,,,,,,,Opportunity,,1.0,0.0,21613518637,"New York, NY, USA"
20790887307,Jon & Vinny’s (Slauson),Signed,,21612720498.0,Jon & Vinny's Group,,,,,,2024-05-13 18:14,,,,,,,Opportunity,,1.0,0.0,21612720498,"New York, NY, USA"
20790791723,Jon & Vinny’s (Brentwood),Signed,,21612720498.0,Jon & Vinny's Group,,,,,,2024-05-13 18:14,,,,,,,Opportunity,,1.0,0.0,21612720498,"New York, NY, USA"
20789661716,Chama Mama UWS,Signed,,22028210522.0,Chama Mama Group;Chama Mama Chelsea,,,New York,,Colin Camac,2024-05-13 18:14,Rachel Shapiro,,,,,,Partner,,1.0,0.0,22028210522;20442873207,"373 Amsterdam Ave, New York, NY 10024, USA"
20749517212,Adda,Signed,,21613565959.0,Unapologetic Foods,addanyc.com,BB1,New York,Long Island City,Maddie Weber,2024-05-10 16:08,,11101,,,,,Opportunity,,1.0,0.0,21613565959,"31-31 Thomson Ave, Queens, NY 11101, USA"
20677252118,Birdsong,Signed,Toast,,,birdsongsf.com,BB1,San Francisco,,Michelle Pearsall,2024-05-07 11:27,Aayush Sanghrajka,94103,,2024-07-08 15:28,,SoMa,Partner,Tock,1.0,4.0,,"New York, NY, USA"
20659241267,Brenda's Meat & Three,Signed,Toast,21613759536.0,French Soul Food,brendasmeatandthree.com,BB1,San Francisco,,Michelle Pearsall,2024-05-06 14:43,,94115,P0,,,Western Addition,Partner,Resy,1.0,2.0,21613759536,"New York, NY, USA"
20659073719,Osito San Francisco,Signed,Toast,,,ositosf.co,BB1,San Francisco,,Michelle Pearsall,2024-05-06 14:43,,94110,P0,2024-07-10 15:29,,Mission,Partner,Tock,1.0,2.0,,"New York, NY, USA"
20659091126,SPQR,Signed,Toast,,,spqrsf.com,BB1,San Francisco,,Michelle Pearsall,2024-05-06 14:43,Aayush Sanghrajka,94115,Anchor,2024-06-28 13:12,,Lower Pac Heights,Partner,Resy,1.0,3.0,,"New York, NY, USA"
20659418187,Mattina,Signed,Toast,,,mattinasf.com,,San Francisco,,Michelle Pearsall,2024-05-06 14:43,Aayush Sanghrajka,94115,P0,2024-06-28 15:15,,Lower Pacific Heights,Partner,Resy,1.0,2.0,,"New York, NY, USA"
20659346762,"Saucy Asian (17th, SF)",Signed,Toast,22141785939.0,Saucy Asian Group,saucyasian.com,,San Francisco,,Michelle Pearsall,2024-05-06 14:43,,94114,P1,2024-06-26 15:00,,,Partner,,1.0,1.0,22141785939,"New York, NY, USA"
20659102521,Brenda's French Soul Food,Signed,Toast,21613759536.0,French Soul Food,frenchsoulfood.com,BB1,San Francisco,,Michelle Pearsall,2024-05-06 14:43,Aayush Sanghrajka,94109,P0,2024-05-16 18:21,,Lower Polk/Civic Center,Partner,Resy,1.0,4.0,21613759536,"New York, NY, USA"
20659391872,Herd Provisions,Signed,,,,herdprovisions.com,BB1,,,Rachel Shapiro,2024-05-06 14:43,,29403,P1,2024-08-03 10:00,,,Partner,,1.0,6.0,,"New York, NY, USA"
20657732885,Homesick,Signed,,21613518637.0,Smith Hospitality Group,,,New York,,,2024-05-06 14:00,,,,,,,Opportunity,,1.0,0.0,21613518637,"New York, NY, USA"
20610991184,Raf's,Signed,Toast,,,rafsnewyork.com,BB1,New York,Nolita,Colin Camac,2024-05-03 03:27,,10012,Anchor,2024-06-27 16:37,,Nolita,Partner,Resy,1.0,2.0,,"290 Elizabeth St, New York, NY 10012, USA"
20610356615,LUMPIA MANIA,Signed,Toast,20789812508.0,LUMPIA MANIA,lumpiamania.com,"BB2, BB4",Los Angeles,,Colin Camac,2024-05-03 03:27,Aayush Sanghrajka,91740,P2,,,,Partner,,1.0,0.0,20789812508,"New York, NY, USA"
20611192104,BUSHI BY JINYA,Signed,Toast,22142502502.0,JINYA Group,bushibyjinya.com,"BB2, BB4",Los Angeles,,Colin Camac,2024-05-03 03:27,Aayush Sanghrajka,91740,P2,,,,Partner,,1.0,0.0,22142502502,"New York, NY, USA"
20610340462,THE TACO MAN,Signed,Toast,22146385483.0,The Taco Man Group,thetacoman.com,"BB2, BB4",Los Angeles,,Colin Camac,2024-05-03 03:27,Aayush Sanghrajka,91762,P2,,,,Partner,,1.0,0.0,22146385483,"New York, NY, USA"
20610387734,Pascal And Sabine,Signed,,21613518637.0,Smith Hospitality Group,pascalandsabine.com,BB1,New York,,Colin Camac,2024-05-03 03:27,Rachel Shapiro,7712,P1,,,,Partner,,1.0,0.0,21613518637,"601 Bangs Ave STE 401, Asbury Park, NJ 07712, USA"
20610273294,9 Jones Restaurant,Signed,,20790880025.0,9 Jones Restaurant,9jones.com,BB1,New York,West Village,Colin Camac,2024-05-03 03:27,Rachel Shapiro,10014,P1,,,West Village,Partner,,1.0,0.0,20790880025,"9 Jones St, New York, NY 10014, USA"
20611047974,Jon & Vinny’s (Beverly Hills),Signed,,21612720498.0,Jon & Vinny's Group;Jon & Vinny's Group,jonandvinnys.com,BB1,Los Angeles,,Colin Camac,2024-05-03 03:27,Rachel Shapiro,90036,P0,,,,Partner,,1.0,0.0,21612720498;21613780906,"New York, NY, USA"
20611192102,Joseph Leonard,Signed,,21112773993.0,Happy Cooking Hospitality,josephleonard.com,BB1,New York,,Colin Camac,2024-05-03 03:27,,2026,P0,,,,Partner,,1.0,0.0,21112773993,"170 Waverly Pl, New York, NY 10014, USA"
20610418360,BRY'S BAGELS,Signed,Toast,20791087759.0,BRY'S BAGELS,brysbagels.com,"BB2, BB4",Los Angeles,,Colin Camac,2024-05-03 03:27,Aayush Sanghrajka,,P2,,,,Partner,,1.0,0.0,20791087759,"New York, NY, USA"
20658809956,Frog Club,Signed,Toast,,,,BB1,New York,Manhattan,Colin Camac,2024-05-03 03:27,,,P1,2024-07-18 15:00,,West Village,Partner,Resy,2.0,1.0,,"86 Bedford St, New York, NY 10014, USA"
20610319621,Tigre,Signed,Toast,22146502033.0,Maison Premiere / Tigre Group,tigrenyc.com,BB3 - Bar,New York,LES,Colin Camac,2024-05-03 03:27,Rachel Shapiro,,P1,,,LES,Partner,,1.0,0.0,22146502033,"105 Rivington St, New York, NY 10002, USA"
20611114904,THE GOLDEN EATERY,Signed,Toast,20789818291.0,THE GOLDEN EATERY,thegoldeneatery.com,"BB2, BB4",Los Angeles,,Colin Camac,2024-05-03 03:27,Aayush Sanghrajka,92701,P2,,,,Partner,,1.0,0.0,20789818291,"New York, NY, USA"
20610387730,Daytrip,Signed,,,,thisisdaytrip.com,BB1,San Francisco,,Colin Camac,2024-05-03 03:27,Rachel Shapiro,94609,P1,,,,Partner,,1.0,1.0,,"New York, NY, USA"
20611171879,Libertine,Signed,,20790803553.0,Libertine,libertinenyc.com,BB1,New York,,Colin Camac,2024-05-03 03:27,,10014,P0,2024-07-16 10:23,,,Partner,,1.0,2.0,20790803553,"684 Greenwich St, New York, NY 10014, USA"
20610969442,Evette's Lakeview,Signed,,21613755257.0,Evette's Chicago Group,evetteschicago.com,BB2,Chicago,Chicago,Colin Camac,2024-05-03 03:27,Aayush Sanghrajka,,,,,Chicago,Partner,,1.0,0.0,21613755257,"New York, NY, USA"
20611016337,Moongate Lounge,Signed,Toast,21615065685.0,Moongate Lounge / Mister Jiu's,moongatelounge.com,BB1,San Francisco,,Colin Camac,2024-05-03 03:27,,,P0,,,,Partner,Tock,1.0,0.0,21615065685,"New York, NY, USA"
20611160180,Jeffrey’s Grocery,Signed,,21112773993.0,Happy Cooking Hospitality,jeffreysgrocery.com,BB1,New York,,Colin Camac,2024-05-03 03:27,Rachel Shapiro,10014,,,,,Partner,,1.0,0.0,21112773993,"172 Waverly Pl, New York, NY 10014, USA"
20610319620,PENNY COFFEE ROASTER,Signed,Toast,20791022514.0,PENNY COFFEE ROASTER,pennycoffeeroasters.com,"BB2, BB4",Los Angeles,,Colin Camac,2024-05-03 03:27,Aayush Sanghrajka,91740,P2,,,,Partner,,1.0,0.0,20791022514,"New York, NY, USA"
20610304007,All Too Well,Signed,,21615018060.0,All Too Well / Evette's,alltoowellchi.com,BB2,Chicago,Chicago,Colin Camac,2024-05-03 03:27,Aayush Sanghrajka,60614,,,,Chicago,Partner,,1.0,0.0,21615018060,"New York, NY, USA"
20610418359,BOBA BREAK TEA HOUSE,Signed,Toast,22141787688.0,Boba Break Tea House Group,bobabreak.online,"BB2, BB4",Los Angeles,,Colin Camac,2024-05-03 03:27,Aayush Sanghrajka,,P2,,,,Partner,,1.0,0.0,22141787688,"New York, NY, USA"
20610429700,SAGA,Signed,,21613804062.0,SAGA Hospitality Group,saga-nyc.com,BB1,New York,,Colin Camac,2024-05-03 03:27,Rachel Shapiro,10005,P0,,,,Partner,,1.0,2.0,21613804062,"70 Pine St 63rd Floor, New York, NY 10005, USA"
20610266371,LIMONÉ MEDITERRANEAN,Signed,Toast,20790931501.0,LIMONÉ MEDITERRANEAN,limonemediterranean.com,Group,Los Angeles,,Colin Camac,2024-05-03 03:27,Aayush Sanghrajka,,P2,,,,Partner,,1.0,0.0,20790931501,"New York, NY, USA"
20611238557,SMOG CITY BREWING,Signed,Toast,20791124785.0,SMOG CITY BREWING,smogcitybrewing.com,"BB2, BB4",Los Angeles,,Colin Camac,2024-05-03 03:27,Aayush Sanghrajka,90501,P2,,,,Partner,,1.0,0.0,20791124785,"New York, NY, USA"
20611114903,DOG HAUS,Signed,Toast,20791099023.0,DOG HAUS,doghaus.com,"BB2, BB4",Los Angeles,,Colin Camac,2024-05-03 03:27,Aayush Sanghrajka,91105,P2,,,,Partner,,1.0,2.0,20791099023,"New York, NY, USA"
20610991179,Porta Jersey City,Signed,,21613518637.0,Smith Hospitality Group,pizzaporta.com,BB1,New York,,Colin Camac,2024-05-03 03:27,Rachel Shapiro,7712,P1,,,,Partner,,1.0,0.0,21613518637,"135 Newark Ave, Jersey City, NJ 07302, USA"
20610313563,Roey’s,Signed,Toast,20656250514.0,Casa Nela,roeysnyc.com,BB1,New York,West Village,Colin Camac,2024-05-03 03:27,Rachel Shapiro,10014,P0,2024-06-26 16:23,,West Village,Partner,,1.0,3.0,20656250514,"1 Perry St, New York, NY 10014, USA"
20611145629,Souvla,Signed,Toast,22146384978.0,Souvla Group,souvla.com,BB2,San Francisco,,Colin Camac,2024-05-03 03:27,Aayush Sanghrajka,94102,P0,2024-07-31 16:00,,,Partner,,1.0,4.0,22146384978,"New York, NY, USA"
20610412893,The Wooly,Signed,Toast,,,thewooly.com,BB1,New York,Nolita,Colin Camac,2024-05-03 03:27,Rachel Shapiro,10007,P2,,,Nolita,Partner,Resy,1.0,2.0,,"9 Barclay St, New York, NY 10007, USA"
20611065670,Bobo,Signed,,20656250514.0,Casa Nela,bobonyc.com,BB1,New York,West Village,Colin Camac,2024-05-03 03:27,Rachel Shapiro,10014,P0,,,West Village,Partner,,1.0,0.0,20656250514,"181 W 10th St, New York, NY 10014, USA"
20611114898,Dhamaka +,Signed,,21613565959.0,Unapologetic Foods,,BB1,New York,,,2024-05-03 03:27,,,P0,,,"LES, West Village",Partner,,1.0,1.0,21613565959,"119 Delancey St, New York, NY 10002, USA"
20611006006,BURGERHEAD,Signed,Toast,,,burgerhead.com,BB2,New York,West Village,Colin Camac,2024-05-03 03:27,Aayush Sanghrajka,,P1,2024-07-29 12:16,,West Village,Partner,Other (see below),1.0,2.0,,"353 6th Ave, New York, NY 10014, USA"
20611192098,Upside Pizza Garment District,Signed,Toast,20791001010.0,Upside Pizza,upsidepizza.com,BB2,New York,Nolita,Colin Camac,2024-05-03 03:27,Aayush Sanghrajka,11222,P1,2024-07-25 11:28,Enterprise (6+),Nolita,Partner,,1.0,3.0,20791001010,"598 8th Ave, New York, NY 10018, USA"
20610273287,Golden Swan,Signed,,,,tgsnyc.com,BB1,New York,,Colin Camac,2024-05-03 03:27,Rachel Shapiro,10014,P1,,,,Opportunity,,1.0,0.0,,"314 W 11th St, New York, NY 10014, USA"
20603109520,Owlbear Cafe,Signed,,,,owlbearcafe.com,BB2,,,Rachel Shapiro,2024-05-02 19:30,,29464,P1,2024-08-02 17:06,,,Opportunity,,1.0,1.0,,"New York, NY, USA"
20447606636,Ma De,Signed,Toast,22146202993.0,CV Restaurant Group,ma-de-nyc.com,BB1,New York,Soho,Colin Camac,2024-04-24 19:25,Rachel Shapiro,10012,P0,,,Soho,Partner,,1.0,1.0,22146202993,"22 Spring St, New York, NY 10012, USA"
20447041715,Estela,Signed,Toast,21615095043.0,MATTOS HOSPITALITY,estelanyc.com,BB1,New York,Manhattan,Colin Camac,2024-04-24 19:25,Aayush Sanghrajka,10012,P0,,,,Partner,,1.0,2.0,21615095043,"47 E Houston St 1st floor, New York, NY 10012, USA"
20445718652,Made in New York Pizza West Village,Signed,Toast,22027521699.0,Made In New York Pizza Group,madeinnewyorkpizza.com,BB2,New York,West Village,Colin Camac,2024-04-24 17:25,Aayush Sanghrajka,10018,P1,,,UWS,Partner,,1.0,3.0,22027521699,"561 Hudson St, New York, NY 10014, USA"
20445649317,Noz Market,Signed,Toast,22145439821.0,Sushi Noz Group,nozmarket.com,BB1,New York,UES,Colin Camac,2024-04-24 17:25,,,,,,UES,Partner,Tock,1.0,2.0,22145439821,"1374 3rd Ave, New York, NY 10075, USA"
20446216759,Hoexter’s,Signed,,,,hoexters.com,BB1,,,Rachel Shapiro,2024-04-24 17:25,,10028,P0,,,Upper East Side,Partner,,1.0,0.0,,"174 E 82nd St, New York, NY 10028, USA"
20446014325,Swan Room,Signed,,,,swanroomnyc.com,BB1,New York,Manhattan,Colin Camac,2024-04-24 17:25,,,P0,,,,Partner,,1.0,2.0,,"54 Canal St, New York, NY 10002, USA"
20445971350,Quality Meats,Signed,,21613595826.0,Quality Branded,qualitymeatsnyc.com,BB1,New York,Midtown,Colin Camac,2024-04-24 17:25,Rachel Shapiro,8370,P0,,,Midtown,Partner,,1.0,1.0,21613595826,"57 W 58th St, New York, NY 10019, USA"
20445707380,Quality Bistro,Signed,,21613595826.0,Quality Branded,qualitybistro.com,BB1,New York,Midtown,Colin Camac,2024-04-24 17:25,Rachel Shapiro,10019,P0,,,Midtown,Partner,,1.0,1.0,21613595826,"120 W 55th St, New York, NY 10019, USA"
20446176350,Bad Roman,Signed,,21613595826.0,Quality Branded,badromannyc.com,BB1,New York,Midtown,Colin Camac,2024-04-24 17:25,Rachel Shapiro,10019,P1,,,Midtown,Partner,,1.0,3.0,21613595826,"3rd floor, 10 Columbus Cir, New York, NY 10019, USA"
20445768512,Don Angie,Signed,Toast,21613595826.0,Quality Branded,donangie.com,BB1,New York,West Village,Colin Camac,2024-04-24 17:02,Rachel Shapiro,10014,P0,,,West Village,Partner,,1.0,5.0,21613595826,"103 Greenwich Ave, New York, NY 10014, USA"
20445944170,Lodi,Signed,Toast,21615095043.0,MATTOS HOSPITALITY,lodinyc.com,BB1,New York,Manhattan,Colin Camac,2024-04-24 17:02,Aayush Sanghrajka,10020,P0,,,,Partner,,1.0,2.0,21615095043,"1 Rockefeller Plaza, New York, NY 10020, USA"
20445548213,Francie,Signed,Toast,,,franciebrooklyn.com,BB1,New York,Williamsburg,Colin Camac,2024-04-24 17:01,Rachel Shapiro,11249,P1,,,Williamsburg,Partner,,1.0,5.0,,"136 Broadway, Brooklyn, NY 11249, USA"
20445768452,Masalawala & Sons,Signed,,,,masalawala.com,,New York,,,2024-04-24 17:01,,11215,,,,,Partner,,1.0,2.0,,"365 5th Ave, Brooklyn, NY 11215, USA"
20445602327,Ace’s Pizza Williamsburg,Signed,Toast,21613540727.0,Ace's Pizza,acespizzaspot.com,BB2,New York,Williamsburg,Colin Camac,2024-04-24 17:01,,10112,P1,,,Williamsburg,Partner,Resy,1.0,4.0,21613540727,"637 Driggs Ave, Brooklyn, NY 11211, USA"
20442220639,Corner Bar,Signed,,21615095043.0,MATTOS HOSPITALITY,cornerbarnyc.com,BB3 - Bar,New York,Manhattan,Colin Camac,2024-04-24 15:45,Aayush Sanghrajka,10002,P0,,,,Partner,,1.0,1.0,21615095043,"60 Canal St, New York, NY 10002, USA"
20442354738,Frankies,Signed,Toast,21613540728.0,Frankies Spuntino Group,frankiesspuntino.com,BB1,New York,Carroll Gardens,Colin Camac,2024-04-24 15:45,Aayush Sanghrajka,11231,P0,,,Carroll Gardens,Partner,,1.0,5.0,21613540728,"457 Court St, Brooklyn, NY 11231, USA"
20442816802,Freemans,Signed,,22027521116.0,Banzarbar / Freemans Group,freemansrestaurant.com,BB1,New York,Manhattan,Colin Camac,2024-04-24 15:45,Rachel Shapiro,10002,P1,2024-05-22 15:44,,,Partner,,1.0,4.0,22027521116,"Freeman Alley, New York, NY 10002, USA"
20442630691,Bangkok Supper Club,Signed,Toast,21613759538.0,Fish Cheeks / Bangkok Supper Club Group,bangkoksupperclubnyc.com,BB1,New York,West Village,Colin Camac,2024-04-24 15:45,,10014,P0,,,West Village,Partner,Resy,1.0,2.0,21613759538,"641 Hudson St, New York, NY 10014, USA"
20442852277,Sami & Susu,Signed,,,,samiandsusu.com,BB1,,,Colin Camac,2024-04-24 15:45,,10002,P2,2024-08-01 11:04,,East Village,Partner,,1.0,4.0,,"190 Orchard St, New York, NY 10002, USA"
20442910052,Etérea,Signed,,21613701439.0,Overthrow Hospitality,etereany.com,,New York,,,2024-04-24 15:45,,10009,P2,,,,Opportunity,,1.0,0.0,21613701439,"511 E 5th St, New York, NY 10009, USA"
20442478854,Gotham Burger Social Club,Signed,Toast,20791010725.0,Gotham Burger Social Club,gbsc.nyc,BB2,New York,LES,Colin Camac,2024-04-24 15:45,,11222,,2024-07-31 13:48,,LES,Partner,Other (see below),1.0,2.0,20791010725,"131 Essex St, New York, NY 10002, USA"
20442525766,LOULOU,Signed,Toast,20789672989.0,LOULOU,loulounyc.com,BB1,New York,Chelsea,Colin Camac,2024-04-24 15:45,,10011,P1,2024-06-04 13:30,,Chelsea,Partner,Resy,1.0,7.0,20789672989,"176 8th Ave, New York, NY 10011, USA"
20442873207,Chama Mama Chelsea,Signed,Toast,22028210522.0,Chama Mama Group;Chama Mama UWS,chamamama.com,BB1,New York,Chelsea,Colin Camac,2024-04-24 15:45,Rachel Shapiro,10011,P1,,,Carroll Gardens,Partner,Resy,1.0,5.0,22028210522;20789661716,"149 W 14th St, New York, NY 10011, USA"
20442938780,Cadence,Signed,,21613701439.0,Overthrow Hospitality,cadencenewyork.com,BB1,New York,,Colin Camac,2024-04-24 15:45,Rachel Shapiro,10009,P0,,,,Partner,,1.0,0.0,21613701439,"111 E 7th St, New York, NY 10009, USA"
20442709527,Avant Garden Bistro,Signed,,21613701439.0,Overthrow Hospitality,overthrowhospitality.com,BB1,New York,Manhattan,Colin Camac,2024-04-24 15:45,Rachel Shapiro,10009,P1,,,,Partner,,1.0,1.0,21613701439,"95 Avenue A 2nd floor, New York, NY 10009, USA"
20442602382,Empellon,Signed,Toast,21613701441.0,Empellon Group,empellon.com,BB1,New York,Midtown,Colin Camac,2024-04-24 15:45,Aayush Sanghrajka,10022,P1,2024-08-02 16:50,,UWS,Partner,,1.0,9.0,21613701441,"510 Madison Ave, New York, NY 10022, USA"
20443041297,Altro Paradiso,Signed,,21615095043.0,MATTOS HOSPITALITY,altroparadiso.com,BB1,New York,Manhattan,Colin Camac,2024-04-24 15:45,Aayush Sanghrajka,10013,P0,,,,Partner,,1.0,4.0,21615095043,"234 Spring St, New York, NY 10013, USA"
20442608425,Ladybird,Signed,,21613701439.0,Overthrow Hospitality,ladybirdny.com,BB1,New York,Manhattan,Colin Camac,2024-04-24 15:45,Rachel Shapiro,10012,P0,,,,Partner,,1.0,0.0,21613701439,"111 E 7th St, New York, NY 10009, USA"
20442292230,Amor y Amargo,Signed,,21613701439.0,Overthrow Hospitality,amoryamargo.com,BB1,New York,Manhattan,Colin Camac,2024-04-24 15:45,Rachel Shapiro,10009,P0,,,,Partner,,1.0,0.0,21613701439,"95 Avenue A, New York, NY 10009, USA"
20442873199,The Woo,Signed,Custom,20791075721.0,The Woo,thewoosoho.com,BB1,New York,Soho,Colin Camac,2024-04-24 15:45,,10012,P2,2024-05-09 22:30,,Soho,Partner,Resy,1.0,3.0,20791075721,"206 Spring St, New York, NY 10012, USA"
20442922770,Sobre Masa,Signed,Toast,,,sobremasa.com,BB1,New York,,Colin Camac,2024-04-24 15:45,Aayush Sanghrajka,11237,P2,2024-07-11 10:50,Single Unit,Bushwick,Partner,Resy,1.0,10.0,,"52 Harrison Pl, Brooklyn, NY 11237, USA"
20442445481,Layla,Signed,Toast,,,laylabarnyc.com,,,"Williamburg, Brookyn",Alyssa Ritter,2024-04-24 15:45,,11249,,2024-08-01 15:30,,,Partner,,1.0,6.0,,"352 Bedford Ave, Brooklyn, NY 11249, USA"
20442775581,Wayan,Signed,Toast,22146202993.0,CV Restaurant Group,wayan-nyc.com,BB1,New York,Soho,Colin Camac,2024-04-24 15:45,Rachel Shapiro,10012,P1,,,Soho,Partner,,1.0,4.0,22146202993,"20 Spring St, New York, NY 10012, USA"
20439329671,Peter Luger,Signed,,22145440077.0,Peter Luger Group,peterluger.com,BB1,New York,Williamsburg,Colin Camac,2024-04-24 15:45,,11021,P1,2024-07-26 11:30,,Williamsburg,Partner,,1.0,8.0,22145440077,"255 Northern Blvd, Great Neck, NY 11021, USA"
20442608413,Santa Panza,Signed,Toast,,,santapanza.com,BB1,New York,Bushwick,Colin Camac,2024-04-24 15:45,Rachel Shapiro,11221,P2,,,Bushwick,Partner,,1.0,6.0,,"1079 Broadway, Brooklyn, NY 11221, USA"
20442944512,La Pecora Bianca Meatpacking,Signed,,21613670469.0,La Pecora Bianca,lapecorabianca.com,BB1,New York,Chelsea,Colin Camac,2024-04-24 15:45,Aayush Sanghrajka,10010,P0,,,Chelsea,Partner,Resy,1.0,23.0,21613670469,"817 Washington St, New York, NY 10014, USA"
20442100359,Ops,Signed,,20790774288.0,Ops,opsbk.com,BB1,New York,,Colin Camac,2024-04-24 15:45,Rachel Shapiro,11237,P1,,,,Partner,,1.0,7.0,20790774288,"346 Himrod St, Brooklyn, NY 11237, USA"
20442905728,Maison Premiere,Signed,Toast,22146502033.0,Maison Premiere / Tigre Group,maisonpremiere.com,BB3 - Bar,New York,Williamsburg,Colin Camac,2024-04-24 15:45,Rachel Shapiro,W1W 7LA,P0,,,Williamsburg,Partner,,1.0,9.0,22146502033,"New York, NY, USA"
20442007736,Little Maven,Signed,,20656445448.0,VCR Group LLC,littlemavenrestaurant.com,,Charleston,Manhattan,Rachel Shapiro,2024-04-24 14:35,,10011,,2024-07-12 15:30,,,Partner,,1.0,5.0,20656445448,"30 W 18th St, New York, NY 10011, USA"
20441617446,Odd Sister,Signed,,21615026098.0,Jackdaw Group,oddsisternyc.com,,New York,,,2024-04-24 14:35,,,,,,,Partner,,1.0,4.0,21615026098,"45 Mercer St, New York, NY 10013, USA"
20442022512,Raku East Village,Signed,Toast,21613583955.0,Cloud 9,rakunyc.com,BB1,New York,East Village,Colin Camac,2024-04-24 14:35,Rachel Shapiro,10003,P1,,,Hells Kitchen,Partner,Resy,1.0,6.0,21613583955,"342 E 6th St, New York, NY 10003, USA"
20441224213,The Fragile Flour,Signed,,21613701439.0,Overthrow Hospitality,fragileflour.com,BB1,New York,Manhattan,Colin Camac,2024-04-24 14:35,Rachel Shapiro,10009,P0,,,,Partner,,1.0,1.0,21613701439,"122 E 7th St, New York, NY 10009, USA"
20442007732,Claudette,Signed,Toast,20656250514.0,Casa Nela,claudettenyc.com,BB1,New York,Greenwich Village,Colin Camac,2024-04-24 14:35,Rachel Shapiro,10011,P0,,,Greenwich Village,Partner,,1.0,5.0,20656250514,"24 5th Ave, New York, NY 10011, USA"
20441994848,Rowdy Rooster (EV),Signed,Toast,21613565959.0,Unapologetic Foods,rowdyrooster.com,BB2,New York,East Village,Colin Camac,2024-04-24 14:35,Aayush Sanghrajka,10003,P1,,,East Village,Partner,Other (see below),1.0,1.0,21613565959,"149 1st Ave., New York, NY 10003, USA"
20441764239,NAKS,Signed,,21613565959.0,Unapologetic Foods,naks.nyc,BB1,New York,"East Village, LES, Park Slope, West Village",Colin Camac,2024-04-24 14:35,,10003,,2024-07-29 14:13,,"East Village, LES, Park Slope, West Village",Partner,,1.0,2.0,21613565959,"201 1st Ave., New York, NY 10003, USA"
20441920629,Momofuku (Noodle Bar),Signed,,22145439750.0,Momofuku Group,momofukunoodlebar.com,BB1,New York,East Village,Colin Camac,2024-04-24 14:35,Rachel Shapiro,10003,P0,,,East Village,Partner,,1.0,1.0,22145439750,"171 1st Ave., New York, NY 10003, USA"
20441273107,Jackdaw,Signed,,21615026098.0,Jackdaw Group,jackdawnyc.com,BB3,New York,Manhattan,Maddie Weber,2024-04-24 14:35,,10003,P1,2024-05-28 13:00,,,Partner,,1.0,5.0,21615026098,"213 2nd Ave, New York, NY 10003, USA"
20441363598,One Fifth,Signed,,,,onefifthnyc.com,BB1,New York,Tribeca,Colin Camac,2024-04-24 14:35,,10003,P1,2024-08-05 10:32,,Tribeca,Partner,,1.0,4.0,,"1 5th Ave, New York, NY 10003, USA"
